--
-- File generated with SQLiteStudio v3.3.3 on Tue Sep 20 22:19:49 2022
--
-- Text encoding used: UTF-8
--
PRAGMA foreign_keys = off;
BEGIN TRANSACTION;

-- Table: albums
CREATE TABLE albums (id INTEGER PRIMARY KEY AUTOINCREMENT, name TEXT, release_date DATETIME);
INSERT INTO albums (id, name, release_date) VALUES (1, 'Remission', '28/05/2002');
INSERT INTO albums (id, name, release_date) VALUES (2, 'Leviathan', '31/08/2004');
INSERT INTO albums (id, name, release_date) VALUES (3, 'Blood Mountain', '12/09/2006');
INSERT INTO albums (id, name, release_date) VALUES (4, 'Crack the Skye', '24/05/2009');
INSERT INTO albums (id, name, release_date) VALUES (5, 'The Hunter', '27/09/2011');
INSERT INTO albums (id, name, release_date) VALUES (6, 'Once More ''Round the Sun', '24/06/2014');
INSERT INTO albums (id, name, release_date) VALUES (7, 'Emperor of Sand', '31/05/2017');
INSERT INTO albums (id, name, release_date) VALUES (8, 'Hushed and Grim', '29/10/2021');

-- Table: guest_credits
CREATE TABLE guest_credits (id INTEGER PRIMARY KEY AUTOINCREMENT, member_id INTEGER REFERENCES members (id), song_id INTEGER REFERENCES songs (id));
INSERT INTO guest_credits (id, member_id, song_id) VALUES (1, 6, 12);
INSERT INTO guest_credits (id, member_id, song_id) VALUES (2, 7, 19);
INSERT INTO guest_credits (id, member_id, song_id) VALUES (3, 7, 23);
INSERT INTO guest_credits (id, member_id, song_id) VALUES (4, 8, 28);
INSERT INTO guest_credits (id, member_id, song_id) VALUES (5, 9, 32);
INSERT INTO guest_credits (id, member_id, song_id) VALUES (6, 10, 33);
INSERT INTO guest_credits (id, member_id, song_id) VALUES (7, 7, 39);
INSERT INTO guest_credits (id, member_id, song_id) VALUES (8, 7, 57);
INSERT INTO guest_credits (id, member_id, song_id) VALUES (9, 11, 59);
INSERT INTO guest_credits (id, member_id, song_id) VALUES (10, 11, 59);
INSERT INTO guest_credits (id, member_id, song_id) VALUES (11, 12, 61);
INSERT INTO guest_credits (id, member_id, song_id) VALUES (12, 13, 61);
INSERT INTO guest_credits (id, member_id, song_id) VALUES (13, 7, 64);
INSERT INTO guest_credits (id, member_id, song_id) VALUES (14, 14, 73);
INSERT INTO guest_credits (id, member_id, song_id) VALUES (15, 15, 75);

-- Table: instrumentals
CREATE TABLE instrumentals (id INTEGER PRIMARY KEY AUTOINCREMENT, song_id INTEGER REFERENCES songs (id));
INSERT INTO instrumentals (id, song_id) VALUES (1, 21);
INSERT INTO instrumentals (id, song_id) VALUES (2, 27);
INSERT INTO instrumentals (id, song_id) VALUES (3, 33);

-- Table: members
CREATE TABLE members (id INTEGER PRIMARY KEY AUTOINCREMENT, member TEXT, instrument TEXT);
INSERT INTO members (id, member, instrument) VALUES (1, 'Brann Dailor', 'drums');
INSERT INTO members (id, member, instrument) VALUES (2, 'Brent Hinds', 'guitar');
INSERT INTO members (id, member, instrument) VALUES (3, 'Bill Kelliher', 'guitar');
INSERT INTO members (id, member, instrument) VALUES (4, 'Troy Sanders', 'bass');
INSERT INTO members (id, member, instrument) VALUES (5, 'Eric Saner', 'singer');
INSERT INTO members (id, member, instrument) VALUES (6, 'Neil Fallon', 'singer');
INSERT INTO members (id, member, instrument) VALUES (7, 'Scott Kelly', 'singer');
INSERT INTO members (id, member, instrument) VALUES (8, 'Josh Homme', 'singer');
INSERT INTO members (id, member, instrument) VALUES (9, 'Cedric Bixler-Zavala', 'singer');
INSERT INTO members (id, member, instrument) VALUES (10, 'Isaiah Owens', 'keys');
INSERT INTO members (id, member, instrument) VALUES (11, 'Valient Himself', 'singer');
INSERT INTO members (id, member, instrument) VALUES (12, 'The Coathangers', 'singer');
INSERT INTO members (id, member, instrument) VALUES (13, 'Gary Lindsey', 'singer');
INSERT INTO members (id, member, instrument) VALUES (14, 'Kevin Sharp', NULL);
INSERT INTO members (id, member, instrument) VALUES (15, 'Mike Keneally', NULL);
INSERT INTO members (id, member, instrument) VALUES (16, 'Guest', NULL);

-- Table: music_videos
CREATE TABLE music_videos (id INTEGER PRIMARY KEY AUTOINCREMENT, song_id INTEGER REFERENCES songs (id));
INSERT INTO music_videos (id, song_id) VALUES (1, 2);
INSERT INTO music_videos (id, song_id) VALUES (2, 12);
INSERT INTO music_videos (id, song_id) VALUES (3, 14);
INSERT INTO music_videos (id, song_id) VALUES (4, 16);
INSERT INTO music_videos (id, song_id) VALUES (5, 22);
INSERT INTO music_videos (id, song_id) VALUES (6, 24);
INSERT INTO music_videos (id, song_id) VALUES (7, 25);
INSERT INTO music_videos (id, song_id) VALUES (8, 28);
INSERT INTO music_videos (id, song_id) VALUES (9, 34);
INSERT INTO music_videos (id, song_id) VALUES (10, 35);
INSERT INTO music_videos (id, song_id) VALUES (11, 42);
INSERT INTO music_videos (id, song_id) VALUES (12, 48);
INSERT INTO music_videos (id, song_id) VALUES (13, 55);
INSERT INTO music_videos (id, song_id) VALUES (14, 56);
INSERT INTO music_videos (id, song_id) VALUES (15, 59);
INSERT INTO music_videos (id, song_id) VALUES (16, 66);
INSERT INTO music_videos (id, song_id) VALUES (17, 68);
INSERT INTO music_videos (id, song_id) VALUES (18, 72);
INSERT INTO music_videos (id, song_id) VALUES (19, 79);
INSERT INTO music_videos (id, song_id) VALUES (20, 82);
INSERT INTO music_videos (id, song_id) VALUES (21, 83);

-- Table: phrases
CREATE TABLE phrases (id INTEGER PRIMARY KEY ON CONFLICT REPLACE, song_id INTEGER REFERENCES songs (id), member_id INTEGER REFERENCES members (id), start_time TEXT, end_time TEXT, lyrics TEXT);
INSERT INTO phrases (id, song_id, member_id, start_time, end_time, lyrics) VALUES (1, 25, 4, '0:18', '0:24', ' Capillarian gone away Capillarian gone away ');
INSERT INTO phrases (id, song_id, member_id, start_time, end_time, lyrics) VALUES (2, 25, 2, '0:24', '0:36', ' It''s a shattered wave Cosmogenic cycles Universal dreams The unseen essence ');
INSERT INTO phrases (id, song_id, member_id, start_time, end_time, lyrics) VALUES (3, 25, 2, '0:48', '0:59', ' Energies refreshed 12 years of silence Frivolous to moments Shake the hand of lightning ');
INSERT INTO phrases (id, song_id, member_id, start_time, end_time, lyrics) VALUES (4, 25, 2, '0:59', '1:06', ' Capillarian carnate Capillarian carnate ');
INSERT INTO phrases (id, song_id, member_id, start_time, end_time, lyrics) VALUES (5, 25, 2, '2:32', '2:56', ' You don''t have to go Escaping from the long way And leave us here all alone Carve Carve out your soul Lay it on the altar And leave us here all alone ');
INSERT INTO phrases (id, song_id, member_id, start_time, end_time, lyrics) VALUES (6, 25, 4, '2:32', '2:56', ' You don''t have to go Escaping from the long way And leave us here all alone Carve Carve out your soul Lay it on the altar And leave us here all alone ');
INSERT INTO phrases (id, song_id, member_id, start_time, end_time, lyrics) VALUES (7, 25, 2, '3:37', '4:14', ' This river is running violence A way to catch our breath Rising from the mercury We will climb to bestow our trust Take away the anchor Amplify the mystery Inhale the earth and wind Map out the plans to our test ');
INSERT INTO phrases (id, song_id, member_id, start_time, end_time, lyrics) VALUES (8, 26, 4, '0:18', '0:28', ' Elephant spirits Tower of ivory Story of ancient deities ');
INSERT INTO phrases (id, song_id, member_id, start_time, end_time, lyrics) VALUES (9, 26, 2, '0:28', '0:38', ' Seizure of the fleece Protector of its place ');
INSERT INTO phrases (id, song_id, member_id, start_time, end_time, lyrics) VALUES (10, 26, 4, '0:38', '0:46', ' Fly through dreamscapes Of valleys gullies and spires Herd across suicidal slopes ');
INSERT INTO phrases (id, song_id, member_id, start_time, end_time, lyrics) VALUES (11, 26, 2, '0:47', '0:58', ' Changeless moonshines Circle cyclops image ');
INSERT INTO phrases (id, song_id, member_id, start_time, end_time, lyrics) VALUES (12, 26, 4, '1:07', '1:17', ' A race of one-eyed beings All feared and shunned Rakshasa demon ');
INSERT INTO phrases (id, song_id, member_id, start_time, end_time, lyrics) VALUES (13, 26, 2, '1:17', '1:29', ' Seizure of the fleece Protector of its place ');
INSERT INTO phrases (id, song_id, member_id, start_time, end_time, lyrics) VALUES (14, 26, 16, '1:39', '2:07', ' Eyes all around you Enter the labyrinth Visions of the hunted Beware the birchmen ');
INSERT INTO phrases (id, song_id, member_id, start_time, end_time, lyrics) VALUES (15, 26, 4, '2:17', '2:32', ' Incisors thought to be Skulls of us Our release ');
INSERT INTO phrases (id, song_id, member_id, start_time, end_time, lyrics) VALUES (16, 28, 2, '0:01', '0:29', ' This forest is growing faster than I can tell Cell structure eats away at a massive swell Seems however I''m a victim of circumstance ');
INSERT INTO phrases (id, song_id, member_id, start_time, end_time, lyrics) VALUES (17, 28, 4, '0:18', '0:38', ' Hunt for ogres and dwarfs Lion slicer ');
INSERT INTO phrases (id, song_id, member_id, start_time, end_time, lyrics) VALUES (18, 28, 2, '0:39', '1:12', ' Run with death Run with death White faces coming closer with every step Earth envelopes taking breath without happenstance Carve my teeth out ripping through the sheep''s head curse ');
INSERT INTO phrases (id, song_id, member_id, start_time, end_time, lyrics) VALUES (19, 28, 2, '1:16', '1:19', ' Hunter gatherer Ridden from the cave ');
INSERT INTO phrases (id, song_id, member_id, start_time, end_time, lyrics) VALUES (20, 28, 2, '1:20', '1:31', ' Run with death Run with death ');
INSERT INTO phrases (id, song_id, member_id, start_time, end_time, lyrics) VALUES (21, 28, 2, '1:56', '2:13', ' Gone away My heart''s gone away Taking everything My heart''s gone away Take it now ');
INSERT INTO phrases (id, song_id, member_id, start_time, end_time, lyrics) VALUES (22, 28, 2, '2:20', '2:32', ' Run with death Run with death ');
INSERT INTO phrases (id, song_id, member_id, start_time, end_time, lyrics) VALUES (23, 28, 2, '2:56', '3:13', ' Gone away My heart''s gone away Taking everything My heart''s gone away Take it now ');
INSERT INTO phrases (id, song_id, member_id, start_time, end_time, lyrics) VALUES (24, 23, 4, '0:12', '0:24', ' Guide a truth Prevail and ride ');
INSERT INTO phrases (id, song_id, member_id, start_time, end_time, lyrics) VALUES (25, 23, 4, '0:33', '0:43', ' Into the black hole Searching the crystal Making the veins bleed ');
INSERT INTO phrases (id, song_id, member_id, start_time, end_time, lyrics) VALUES (26, 23, 4, '0:43', '0:53', ' The source of consciousness Alive Crystalline resonance ');
INSERT INTO phrases (id, song_id, member_id, start_time, end_time, lyrics) VALUES (27, 23, 2, '0:43', '0:53', ' The source of consciousness Alive Crystalline resonance ');
INSERT INTO phrases (id, song_id, member_id, start_time, end_time, lyrics) VALUES (28, 23, 4, '0:58', '1:06', ' Into the black hole Searching the crystal Making the veins bleed ');
INSERT INTO phrases (id, song_id, member_id, start_time, end_time, lyrics) VALUES (29, 23, 4, '1:21', '1:26', ' A deep breath before the plunge ');
INSERT INTO phrases (id, song_id, member_id, start_time, end_time, lyrics) VALUES (30, 23, 4, '1:34', '1:44', ' One million voices Dispelling A thousand faces Disarming ');
INSERT INTO phrases (id, song_id, member_id, start_time, end_time, lyrics) VALUES (31, 23, 16, '1:47', '2:00', ' Running through the darkness Holding hearts in my eyes Falling short of gauntlet Covered in blood-sucking flies ');
INSERT INTO phrases (id, song_id, member_id, start_time, end_time, lyrics) VALUES (32, 23, 4, '1:47', '2:00', ' Running through the darkness Holding hearts in my eyes Falling short of gauntlet Covered in blood-sucking flies ');
INSERT INTO phrases (id, song_id, member_id, start_time, end_time, lyrics) VALUES (33, 23, 7, '2:02', '2:37', ' The touch is cold I tore a path screaming through wind and blood I will it all Burning deep in my skull ');
INSERT INTO phrases (id, song_id, member_id, start_time, end_time, lyrics) VALUES (34, 30, 4, '0:10', '0:22', ' No one sees the difference in the land Where the sky meets earth Form horizons ');
INSERT INTO phrases (id, song_id, member_id, start_time, end_time, lyrics) VALUES (35, 30, 2, '0:31', '0:40', ' Hand of stone Arm of strength Nature''s fire Fist of gold ');
INSERT INTO phrases (id, song_id, member_id, start_time, end_time, lyrics) VALUES (36, 30, 4, '0:40', '1:00', ' Venom stains the lips and burns the tongue With vengeance and hatred Extremities forged in nature''s fire Unrelenting vigor Carve the future ');
INSERT INTO phrases (id, song_id, member_id, start_time, end_time, lyrics) VALUES (37, 30, 2, '1:29', '1:46', ' Feast or famine Drink deception The wells run dry The need for temptation ');
INSERT INTO phrases (id, song_id, member_id, start_time, end_time, lyrics) VALUES (38, 30, 2, '1:56', '2:06', ' Falling through brain field Head for divide ');
INSERT INTO phrases (id, song_id, member_id, start_time, end_time, lyrics) VALUES (39, 30, 4, '2:14', '2:33', ' The hand matches The hand that leads the way To kill the shepherd Just to see his face Heed the warning Ingest the rotten bone The hand that falters The hand that turns to stone ');
INSERT INTO phrases (id, song_id, member_id, start_time, end_time, lyrics) VALUES (40, 30, 4, '2:51', '3:11', ' Chew on the root that gives us sight Cranium shatters Feed the needles as they fall The truth The mask Brain divided ');
INSERT INTO phrases (id, song_id, member_id, start_time, end_time, lyrics) VALUES (41, 33, 2, '0:59', '3:06', ' Yeah Float away Known so low You run away Desolate us Desolate all No love is lost You know we''re weightless Climb Under my wing Climb Known so low You run away Desolate us Desolate all No love is lost You know we''re weightless Climb Under my wing Climb Known so low You run away Desolate us Desolate all ');
INSERT INTO phrases (id, song_id, member_id, start_time, end_time, lyrics) VALUES (42, 33, 2, '4:34', '4:56', ' Grown so slow You run away Desolate us I''m sailing away ');
INSERT INTO phrases (id, song_id, member_id, start_time, end_time, lyrics) VALUES (43, 32, 4, '0:11', '0:29', ' Ice god shakes the earth Destruction of the path Sinking deeper in the snow Eating bark with blackened hands Swollen fingers frozen jaw Warm teeth wrapped around my wrist ');
INSERT INTO phrases (id, song_id, member_id, start_time, end_time, lyrics) VALUES (44, 32, 2, '0:31', '0:47', ' Frostbite eating away at our limbs Slit the belly brontotherium Climb towards vermilion snowbank fall Station of the crosses prayer save all ');
INSERT INTO phrases (id, song_id, member_id, start_time, end_time, lyrics) VALUES (45, 32, 4, '0:55', '1:11', ' Chewing bone Euphoria Land and sky Shining skull ');
INSERT INTO phrases (id, song_id, member_id, start_time, end_time, lyrics) VALUES (46, 32, 2, '1:11', '1:28', ' Ice field blanket land Hunted beyond the fray No direction known Running with the band Provisions wearing thin Avalanche sweeps the land ');
INSERT INTO phrases (id, song_id, member_id, start_time, end_time, lyrics) VALUES (47, 32, 4, '2:08', '2:28', ' Starvation setting in Spilling all that''s left Should''ve kept the fruits from virgin''s vine Three-horned face Pillar of red Evil lives atop my crooked spine ');
INSERT INTO phrases (id, song_id, member_id, start_time, end_time, lyrics) VALUES (48, 32, 2, '2:28', '2:44', ' Rosebush current flow Carmine river go Solar storms erupt on the sun Ice fields blanket land ');
INSERT INTO phrases (id, song_id, member_id, start_time, end_time, lyrics) VALUES (49, 32, 4, '2:51', '3:11', ' Snow queen Hypothermia Ice lips Hallucination ');
INSERT INTO phrases (id, song_id, member_id, start_time, end_time, lyrics) VALUES (50, 32, 16, '3:11', '3:26', ' Ice field blanket land Hunted beyond the fray No direction known Running with the band Provisions wearing thin Avalanche sweeps the land ');
INSERT INTO phrases (id, song_id, member_id, start_time, end_time, lyrics) VALUES (51, 32, 2, '4:27', '4:41', ' Landscape ebb ''n'' flow Think I felt the end of time Skulls aglow as crystal shines And starts to warm the empty climb ');
INSERT INTO phrases (id, song_id, member_id, start_time, end_time, lyrics) VALUES (52, 24, 2, '1:37', '1:58', ' Earth has burst Mountain flames Moon beheld Father snake Mind control Has left its nest ');
INSERT INTO phrases (id, song_id, member_id, start_time, end_time, lyrics) VALUES (53, 24, 4, '1:58', '2:02', ' Shame on ');
INSERT INTO phrases (id, song_id, member_id, start_time, end_time, lyrics) VALUES (54, 24, 2, '2:02', '2:22', ' Bulls roar loud The fearless fall Wooden vessel Broken wings Caught my killer In my grave ');
INSERT INTO phrases (id, song_id, member_id, start_time, end_time, lyrics) VALUES (55, 24, 4, '2:22', '2:26', ' Shame on ');
INSERT INTO phrases (id, song_id, member_id, start_time, end_time, lyrics) VALUES (56, 24, 2, '3:30', '3:50', ' Eyes of grace Kill again Trapped in maze Trembling fear Head scorched brow Perish the land ');
INSERT INTO phrases (id, song_id, member_id, start_time, end_time, lyrics) VALUES (57, 24, 4, '3:50', '3:54', ' Shame on ');
INSERT INTO phrases (id, song_id, member_id, start_time, end_time, lyrics) VALUES (58, 24, 4, '4:20', '4:35', ' A vast calm wilderness The call to adventure comes ');
INSERT INTO phrases (id, song_id, member_id, start_time, end_time, lyrics) VALUES (59, 24, 4, '4:55', '5:08', ' Lead and land atop this rock Infinite path carved with unrivaled skill ');
INSERT INTO phrases (id, song_id, member_id, start_time, end_time, lyrics) VALUES (60, 22, 2, '0:08', '0:17', ' The hero of the gods The crossing of the threshold The belly of the whale Refusal of return ');
INSERT INTO phrases (id, song_id, member_id, start_time, end_time, lyrics) VALUES (61, 22, 4, '0:17', '0:27', ' Hollow eyes Dry pale legs Howling on Through fields and graves ');
INSERT INTO phrases (id, song_id, member_id, start_time, end_time, lyrics) VALUES (62, 22, 2, '0:29', '0:39', ' Language of the signs Symbols to our sight Guardian to thy throne Take on form ');
INSERT INTO phrases (id, song_id, member_id, start_time, end_time, lyrics) VALUES (63, 22, 4, '0:40', '0:50', ' Daylight Hide the skin Cut it off Scatter ash in the wind ');
INSERT INTO phrases (id, song_id, member_id, start_time, end_time, lyrics) VALUES (64, 22, 2, '0:50', '1:12', ' Shapeshifter rolling on winds of tyrants make Fierce lore of fanged horn Danger all the way Night''s sea reflection The faces of bodies slain Returning to the form of natural human''s fate ');
INSERT INTO phrases (id, song_id, member_id, start_time, end_time, lyrics) VALUES (65, 22, 4, '1:38', '1:53', ' Grown from the cold Spirits unclean Dealer of the days The ice will thaw ');
INSERT INTO phrases (id, song_id, member_id, start_time, end_time, lyrics) VALUES (66, 22, 2, '2:26', '2:42', ' As the soldier walks through the crimson side Researchers of aftermath Dispelling disarming man One-toed horses subject of Genesis And the immigrants ');
INSERT INTO phrases (id, song_id, member_id, start_time, end_time, lyrics) VALUES (67, 22, 2, '2:50', '3:00', ' Fundamental side of a human mind Hulder folk and fairies So believe ');
INSERT INTO phrases (id, song_id, member_id, start_time, end_time, lyrics) VALUES (68, 22, 2, '3:10', '3:19', ' The hero of the gods The crossing of the threshold The belly of the whale Refusal of return ');
INSERT INTO phrases (id, song_id, member_id, start_time, end_time, lyrics) VALUES (69, 31, 4, '1:18', '1:52', ' Floating in red again A deepened soil Nothing Empty cup Trade not known ');
INSERT INTO phrases (id, song_id, member_id, start_time, end_time, lyrics) VALUES (70, 31, 2, '1:52', '2:08', ' Showing promise of a perfect land No regrets for a fallen ground The omen passed Woman possessed Reflect on the duties held ');
INSERT INTO phrases (id, song_id, member_id, start_time, end_time, lyrics) VALUES (71, 31, 4, '2:09', '2:30', ' Oceans morph to dust Chasing the timeline Bolts of light flash Original storm god ');
INSERT INTO phrases (id, song_id, member_id, start_time, end_time, lyrics) VALUES (72, 31, 2, '2:59', '3:16', ' The atmosphere that floats above the earth Is corrupt for man This we know What has dwelt within the early dawn has gone away That''s okay ');
INSERT INTO phrases (id, song_id, member_id, start_time, end_time, lyrics) VALUES (73, 31, 4, '3:23', '3:39', ' Dig Climb Ancient elm Root Ride the vine of father ground our carving ');
INSERT INTO phrases (id, song_id, member_id, start_time, end_time, lyrics) VALUES (74, 31, 4, '4:03', '4:15', ' Dig Climb Ancient elm Root Ride the vine of father ground our carving ');
INSERT INTO phrases (id, song_id, member_id, start_time, end_time, lyrics) VALUES (75, 31, 2, '4:21', '4:27', ' The atmosphere that floats above the earth is corrupt for man This we know ');
INSERT INTO phrases (id, song_id, member_id, start_time, end_time, lyrics) VALUES (76, 31, 4, '4:30', '4:56', ' Circle Made of ash Betray her presence Huntress Gentle breath Listen to the poison rose ');
INSERT INTO phrases (id, song_id, member_id, start_time, end_time, lyrics) VALUES (77, 39, 7, '1:05', '1:19', '  Blessed visionary cut me with your sun  The rivers ran in blood  Spark fueled to fire  ');
INSERT INTO phrases (id, song_id, member_id, start_time, end_time, lyrics) VALUES (78, 39, 1, '1:19', '1:34', '  Deep within this endless void  Searching for a sign  ');
INSERT INTO phrases (id, song_id, member_id, start_time, end_time, lyrics) VALUES (79, 39, 7, '1:34', '1:51', '  The vessel forged inside of me  Watches over  Like the death of the moon  ');
INSERT INTO phrases (id, song_id, member_id, start_time, end_time, lyrics) VALUES (80, 39, 1, '1:51', '2:06', '  Strike the shepherd, sheep will scatter  Mountains of despair  ');
INSERT INTO phrases (id, song_id, member_id, start_time, end_time, lyrics) VALUES (81, 39, 4, '2:06', '2:14', '  I can see the pain  It''s written all over your face  ');
INSERT INTO phrases (id, song_id, member_id, start_time, end_time, lyrics) VALUES (82, 39, 7, '2:15', '2:30', '  The screaming arrows tear through my soul  In the dawn your face is haunting  White ghostly dreams of old  ');
INSERT INTO phrases (id, song_id, member_id, start_time, end_time, lyrics) VALUES (83, 39, 1, '2:30', '2:45', '  Weight of world is on your shoulder  Hear the voice of gold  ');
INSERT INTO phrases (id, song_id, member_id, start_time, end_time, lyrics) VALUES (84, 39, 4, '2:30', '2:45', '  Weight of world is on your shoulder  Hear the voice of gold  ');
INSERT INTO phrases (id, song_id, member_id, start_time, end_time, lyrics) VALUES (85, 39, 4, '2:46', '2:54', '  I can see the pain  It''s written all over your face  ');
INSERT INTO phrases (id, song_id, member_id, start_time, end_time, lyrics) VALUES (86, 39, 1, '4:26', '4:38', '  Desperate heathens flock to sirens  Guard your heartache well  ');
INSERT INTO phrases (id, song_id, member_id, start_time, end_time, lyrics) VALUES (87, 39, 4, '4:26', '4:38', '  Desperate heathens flock to sirens  Guard your heartache well  ');
INSERT INTO phrases (id, song_id, member_id, start_time, end_time, lyrics) VALUES (88, 39, 7, '4:40', '4:55', '  Momma don''t let them take her  Don''t let them take her down  At least alone  ');
INSERT INTO phrases (id, song_id, member_id, start_time, end_time, lyrics) VALUES (89, 39, 1, '4:55', '5:10', '  Please tell Lucifer he can''t have this one  Her spirit''s too strong  ');
INSERT INTO phrases (id, song_id, member_id, start_time, end_time, lyrics) VALUES (90, 39, 4, '4:55', '5:10', '  Please tell Lucifer he can''t have this one  Her spirit''s too strong  ');
INSERT INTO phrases (id, song_id, member_id, start_time, end_time, lyrics) VALUES (91, 39, 4, '5:10', '5:27', '  I can see the pain  It''s written all over your face  I can see the pain  You can make it all go away ');
INSERT INTO phrases (id, song_id, member_id, start_time, end_time, lyrics) VALUES (92, 35, 2, '0:34', '1:00', ' It''s gone away  It''s gone away  It''s gone for good  Animal spirits come calling me home  Through the tunnels of brilliant light  The magnet of wisdom is pulling  Burrowing faster the fabric of time  ');
INSERT INTO phrases (id, song_id, member_id, start_time, end_time, lyrics) VALUES (93, 35, 4, '1:02', '1:16', ' No escape  Binding spirits  No escape  Trapped in time space  ');
INSERT INTO phrases (id, song_id, member_id, start_time, end_time, lyrics) VALUES (94, 35, 2, '1:16', '1:43', ' Rapid descendants  The wormhole is empty  The center of Khlysty surrounds me  The fire is dancing in a silvery sheet of breath  Black robe  Necromancing  Summon the soul of the spectre  ');
INSERT INTO phrases (id, song_id, member_id, start_time, end_time, lyrics) VALUES (95, 35, 4, '1:43', '1:57', ' No escape  Binding spirits  No escape  Trapped in time space  ');
INSERT INTO phrases (id, song_id, member_id, start_time, end_time, lyrics) VALUES (96, 35, 4, '1:57', '2:11', ' Fire in the eye  Realm of mystic majesty  ');
INSERT INTO phrases (id, song_id, member_id, start_time, end_time, lyrics) VALUES (97, 35, 4, '2:54', '3:07', ' No escape  Binding spirits  No escape  Trapped in time space  ');
INSERT INTO phrases (id, song_id, member_id, start_time, end_time, lyrics) VALUES (98, 35, 4, '3:07', '3:26', ' Fire in the eye Realm of mystic majesty ');
INSERT INTO phrases (id, song_id, member_id, start_time, end_time, lyrics) VALUES (99, 38, 4, '0:33', '0:48', ' Wrathful ones nine eyes gaze  Holding skulls  Filled and laced  With human blood  ');
INSERT INTO phrases (id, song_id, member_id, start_time, end_time, lyrics) VALUES (100, 38, 4, '0:59', '1:11', ' Wrathful ones nine eyes gaze  Holding skulls  Filled and laced  With human blood  ');
INSERT INTO phrases (id, song_id, member_id, start_time, end_time, lyrics) VALUES (101, 38, 4, '1:27', '2:50', ' Shades of darkened skies Emptiness Twilight holding through Offering Life in zenith Bulls blood shot eyes Flattened portrait of the night sky Feel crust hum Facing the North Vapor space Between heaven and Earth Wisdom and the knower A planet collide Divisible we fall Hear dirt waves Wading forth Vapor space How long has it been since we flew through the shadows I have walked on many other planets ');
INSERT INTO phrases (id, song_id, member_id, start_time, end_time, lyrics) VALUES (102, 38, 4, '3:03', '3:15', ' How long has it been since we flew through the shadows I have walked on many other planets ');
INSERT INTO phrases (id, song_id, member_id, start_time, end_time, lyrics) VALUES (103, 38, 4, '3:22', '3:49', ' Sinister twin Choking on fear Bonded iron Sink to the core Hear dirt waves Wading forth Vapor space ');
INSERT INTO phrases (id, song_id, member_id, start_time, end_time, lyrics) VALUES (104, 38, 4, '4:13', '4:32', ' Shades of darkened skies Emptiness Twilight holding through Offering ');
INSERT INTO phrases (id, song_id, member_id, start_time, end_time, lyrics) VALUES (105, 38, 4, '4:47', '5:01', ' Wrathful ones nine eyes gaze Holding skulls Filled and laced With human blood ');
INSERT INTO phrases (id, song_id, member_id, start_time, end_time, lyrics) VALUES (106, 34, 1, '0:57', '1:18', '  I flew beyond the sun before it was time  Burning all the gold that held me inside my shell  Waiting for you to pull me back in  I almost had the world in my sight  ');
INSERT INTO phrases (id, song_id, member_id, start_time, end_time, lyrics) VALUES (107, 34, 4, '1:18', '1:40', '  Lost love, bright eyes fading  Faster than stars falling  How can I tell you that I''ve failed?  Tell you I failed  ');
INSERT INTO phrases (id, song_id, member_id, start_time, end_time, lyrics) VALUES (108, 34, 2, '1:40', '2:00', '  Falling from grace ''cause I''ve been away too long Leaving you behind with my lonesome song  Now I''m lost in oblivion  ');
INSERT INTO phrases (id, song_id, member_id, start_time, end_time, lyrics) VALUES (109, 34, 1, '2:00', '2:20', '  I tried to burrow a hole into the ground  Breaking all the fingers and the nails from my hands  The eyes of a child see no wrong  Ignorant bliss, impending doom  ');
INSERT INTO phrases (id, song_id, member_id, start_time, end_time, lyrics) VALUES (110, 34, 4, '2:20', '2:42', '  Lost love, bright eyes fading  Faster than stars falling  How can I tell you that I''ve failed? Tell you I failed  ');
INSERT INTO phrases (id, song_id, member_id, start_time, end_time, lyrics) VALUES (111, 34, 2, '2:42', '3:20', '  Falling from grace ''cause I''ve been away too long  Leaving you behind with my lonesome song  Now I''m lost  Falling from grace ''cause I''ve been away too long  Leaving you behind with my lonesome song  Now I''m lost in oblivion  ');
INSERT INTO phrases (id, song_id, member_id, start_time, end_time, lyrics) VALUES (112, 34, 2, '4:42', '5:21', '  Falling from grace ''cause I''ve been away too long  Leaving you behind with my lonesome song  Now I''m lost  Falling from grace ''cause I''ve been away too long  Leaving you behind with my lonesome song  Now I''m lost in oblivion  ');
INSERT INTO phrases (id, song_id, member_id, start_time, end_time, lyrics) VALUES (113, 34, 2, '5:25', '5:40', ' In oblivion  In oblivion ');
INSERT INTO phrases (id, song_id, member_id, start_time, end_time, lyrics) VALUES (114, 36, 2, '0:37', '1:17', ' The demon skin is covered in fine mist  Opened his hand in my hand  Holding my eyes to the future  Hovering above myself  Letting loose the guided  Punching these holes in my head  The space time paradigm  ');
INSERT INTO phrases (id, song_id, member_id, start_time, end_time, lyrics) VALUES (115, 36, 1, '1:17', '1:34', ' Omnipresence  Primal instincts  ');
INSERT INTO phrases (id, song_id, member_id, start_time, end_time, lyrics) VALUES (116, 36, 2, '1:34', '1:41', ' Letting go  Letting go  Letting go  Letting go  Letting go  ');
INSERT INTO phrases (id, song_id, member_id, start_time, end_time, lyrics) VALUES (117, 36, 4, '1:41', '1:59', ' Calling reason  Finding you  These wild hearts run  Even deeper  Burning through  These wild hearts run  ');
INSERT INTO phrases (id, song_id, member_id, start_time, end_time, lyrics) VALUES (118, 36, 2, '1:59', '2:11', ' Letting go  Letting go  Letting go  Letting go  Letting go  ');
INSERT INTO phrases (id, song_id, member_id, start_time, end_time, lyrics) VALUES (119, 36, 4, '1:59', '2:11', ' Letting go  Letting go  Letting go  Letting go  Letting go  ');
INSERT INTO phrases (id, song_id, member_id, start_time, end_time, lyrics) VALUES (120, 36, 2, '2:16', '2:53', ' Letting me free the quintessence  In fine mist  Opened his hand in center  Holding my eyes to the future  Hovering above myself  Letting loose the guided  Punching these holes in my head  Losing my skin to the landslide  ');
INSERT INTO phrases (id, song_id, member_id, start_time, end_time, lyrics) VALUES (121, 36, 1, '2:53', '3:12', ' Omnipresence  Primal instincts  ');
INSERT INTO phrases (id, song_id, member_id, start_time, end_time, lyrics) VALUES (122, 36, 2, '2:53', '3:12', ' Omnipresence  Primal instincts  ');
INSERT INTO phrases (id, song_id, member_id, start_time, end_time, lyrics) VALUES (123, 36, 2, '3:12', '3:19', ' Letting go  Letting go  Letting go  Letting go  Letting go  ');
INSERT INTO phrases (id, song_id, member_id, start_time, end_time, lyrics) VALUES (124, 36, 4, '3:12', '3:19', ' Letting go  Letting go  Letting go  Letting go  Letting go  ');
INSERT INTO phrases (id, song_id, member_id, start_time, end_time, lyrics) VALUES (125, 36, 4, '3:19', '3:37', ' Calling reason  Finding you  These wild hearts run  Even deeper  Burning through  These wild hearts run  ');
INSERT INTO phrases (id, song_id, member_id, start_time, end_time, lyrics) VALUES (126, 36, 2, '3:37', '3:49', ' Letting go  Letting go  Letting go  Letting go  Letting go  ');
INSERT INTO phrases (id, song_id, member_id, start_time, end_time, lyrics) VALUES (127, 36, 4, '3:37', '3:49', ' Letting go  Letting go  Letting go  Letting go  Letting go  ');
INSERT INTO phrases (id, song_id, member_id, start_time, end_time, lyrics) VALUES (128, 36, 4, '4:32', '5:08', ' Shield failure  Speed farewell  Shield failure  Speed farewell ');
INSERT INTO phrases (id, song_id, member_id, start_time, end_time, lyrics) VALUES (129, 37, 2, '1:33', '2:08', ' Don''t stay, run away  He has ordered assassination  Don''t stay, run away  The henchmen are gathered and waiting  Don''t stay, run away  Your role as usurper is found out  Don''t stay, run away  Czarina has warned of the danger  ');
INSERT INTO phrases (id, song_id, member_id, start_time, end_time, lyrics) VALUES (130, 37, 4, '1:33', '2:08', ' Don''t stay, run away  He has ordered assassination  Don''t stay, run away  The henchmen are gathered and waiting  Don''t stay, run away  Your role as usurper is found out  Don''t stay, run away  Czarina has warned of the danger  ');
INSERT INTO phrases (id, song_id, member_id, start_time, end_time, lyrics) VALUES (131, 37, 2, '2:22', '2:38', ' It''s your own fault  This is what we wanted  It''s your own fault  This is where we lay ');
INSERT INTO phrases (id, song_id, member_id, start_time, end_time, lyrics) VALUES (132, 37, 4, '2:22', '2:38', ' It''s your own fault  This is what we wanted  It''s your own fault  This is where we lay ');
INSERT INTO phrases (id, song_id, member_id, start_time, end_time, lyrics) VALUES (133, 37, 2, '2:47', '3:19', ' Don''t stay, run away  He has ordered assassination  Don''t stay, run away  The henchmen are gathered and waiting  Don''t stay, run away  Your role as usurper is found out  Don''t stay, run away  Czarina has warned of the danger ');
INSERT INTO phrases (id, song_id, member_id, start_time, end_time, lyrics) VALUES (134, 37, 4, '2:47', '3:19', ' Don''t stay, run away  He has ordered assassination  Don''t stay, run away  The henchmen are gathered and waiting  Don''t stay, run away  Your role as usurper is found out  Don''t stay, run away  Czarina has warned of the danger ');
INSERT INTO phrases (id, song_id, member_id, start_time, end_time, lyrics) VALUES (135, 37, 2, '3:19', '3:35', ' It''s your own fault  This is what we wanted  It''s your own fault  This is where we lay  ');
INSERT INTO phrases (id, song_id, member_id, start_time, end_time, lyrics) VALUES (136, 37, 4, '3:19', '3:35', ' It''s your own fault  This is what we wanted  It''s your own fault  This is where we lay  ');
INSERT INTO phrases (id, song_id, member_id, start_time, end_time, lyrics) VALUES (137, 37, 4, '4:10', '4:28', ' By the light of the moon  You must escape into the deep black of the night  Fight the devil inside  Enemies poison deep within my second sight  Wasting valuable time  ');
INSERT INTO phrases (id, song_id, member_id, start_time, end_time, lyrics) VALUES (138, 37, 2, '4:31', '4:33', ' Ride the tides of blood  ');
INSERT INTO phrases (id, song_id, member_id, start_time, end_time, lyrics) VALUES (139, 37, 4, '4:33', '4:35', ' Illumination  ');
INSERT INTO phrases (id, song_id, member_id, start_time, end_time, lyrics) VALUES (140, 37, 2, '4:35', '4:37', ' Beauties sudden hand  ');
INSERT INTO phrases (id, song_id, member_id, start_time, end_time, lyrics) VALUES (141, 37, 4, '4:37', '4:39', ' Shattered crown ');
INSERT INTO phrases (id, song_id, member_id, start_time, end_time, lyrics) VALUES (142, 37, 2, '4:39', '4:41', ' Stretching arms up high ');
INSERT INTO phrases (id, song_id, member_id, start_time, end_time, lyrics) VALUES (143, 37, 4, '4:41', '4:43', ' We''re on our way now  ');
INSERT INTO phrases (id, song_id, member_id, start_time, end_time, lyrics) VALUES (144, 37, 2, '4:43', '4:48', ' Leave the Czar to die  ');
INSERT INTO phrases (id, song_id, member_id, start_time, end_time, lyrics) VALUES (145, 37, 4, '5:44', '6:02', ' By the light of the moon  You must escape into the deep black of the night  Fight the devil inside  Enemies poison deep within my second sight  Wasting valuable time  ');
INSERT INTO phrases (id, song_id, member_id, start_time, end_time, lyrics) VALUES (146, 37, 2, '6:05', '6:08', ' Ride the tides of blood  ');
INSERT INTO phrases (id, song_id, member_id, start_time, end_time, lyrics) VALUES (147, 37, 4, '6:08', '6:09', ' Illumination  ');
INSERT INTO phrases (id, song_id, member_id, start_time, end_time, lyrics) VALUES (148, 37, 2, '6:09', '6:12', ' Beauties sudden hand  ');
INSERT INTO phrases (id, song_id, member_id, start_time, end_time, lyrics) VALUES (149, 37, 4, '6:12', '6:13', ' Shattered crown ');
INSERT INTO phrases (id, song_id, member_id, start_time, end_time, lyrics) VALUES (150, 37, 2, '6:13', '6:16', ' Stretching arms up high ');
INSERT INTO phrases (id, song_id, member_id, start_time, end_time, lyrics) VALUES (151, 37, 4, '6:16', '6:17', ' We''re on our way now  ');
INSERT INTO phrases (id, song_id, member_id, start_time, end_time, lyrics) VALUES (152, 37, 2, '6:17', '6:20', ' Leave the Czar to die  ');
INSERT INTO phrases (id, song_id, member_id, start_time, end_time, lyrics) VALUES (153, 37, 2, '7:45', '8:17', ' Spiraling up through the crack in the sky  Leaving material world behind  I see your face in constellations  The martyr is ending his life for mine ');
INSERT INTO phrases (id, song_id, member_id, start_time, end_time, lyrics) VALUES (154, 40, 2, '0:08', '0:23', ' I''d guess they would say We could set this world ablaze ');
INSERT INTO phrases (id, song_id, member_id, start_time, end_time, lyrics) VALUES (155, 40, 4, '0:25', '0:30', ' Please, please take my hand, please take my soul to rest ');
INSERT INTO phrases (id, song_id, member_id, start_time, end_time, lyrics) VALUES (156, 40, 2, '0:30', '1:02', ' So we can always be around It is hard to see Through all the haze at the top of the trees Hold my head on stable ground Watch as the Earth falls all around ');
INSERT INTO phrases (id, song_id, member_id, start_time, end_time, lyrics) VALUES (157, 40, 4, '1:05', '1:10', ' Please, please take my hand, please take my soul to rest ');
INSERT INTO phrases (id, song_id, member_id, start_time, end_time, lyrics) VALUES (158, 40, 2, '1:10', '1:44', ' So we can always be around Faltering footsteps, dead end path All that I need is this wise man''s staff Encased in crystal, he leads the way I guess they''d say we could set the world ablaze ');
INSERT INTO phrases (id, song_id, member_id, start_time, end_time, lyrics) VALUES (159, 40, 4, '1:46', '1:51', ' Please, please take my hand, please take my soul to rest ');
INSERT INTO phrases (id, song_id, member_id, start_time, end_time, lyrics) VALUES (160, 40, 2, '1:51', '2:18', ' So we can always be around I guess they would say We can set the world ablaze Hold my head on stable ground Watch as the Earth falls all around ');
INSERT INTO phrases (id, song_id, member_id, start_time, end_time, lyrics) VALUES (161, 40, 2, '2:36', '2:51', ' Take my black soul Alive in the fires that burn my skin Guide my eyes all through this maze I guess they''d say we could set the world ablaze ');
INSERT INTO phrases (id, song_id, member_id, start_time, end_time, lyrics) VALUES (162, 40, 2, '3:56', '4:19', ' All that I have seen Standing on the edge, the foot of precipice Floating in the sea Past the king of swords, quickly to the shore The last baron The last baron ');
INSERT INTO phrases (id, song_id, member_id, start_time, end_time, lyrics) VALUES (163, 40, 16, '4:19', '4:40', ' Ghost of man Surrounds me in my slumber I have no fear As your wing is my shelter ');
INSERT INTO phrases (id, song_id, member_id, start_time, end_time, lyrics) VALUES (164, 40, 2, '4:40', '5:03', ' Cyanide he craves Coursing through his veins, providing him with strength To see this to the end Afraid of psychic eyes, faith in mystic power The last baron The last baron ');
INSERT INTO phrases (id, song_id, member_id, start_time, end_time, lyrics) VALUES (165, 40, 4, '5:03', '5:15', ' Will he save me? Will he save me? ');
INSERT INTO phrases (id, song_id, member_id, start_time, end_time, lyrics) VALUES (166, 40, 2, '5:48', '5:58', ' I was standing staring at the world And I can''t see it I was standing staring at the world And I can''t see it ');
INSERT INTO phrases (id, song_id, member_id, start_time, end_time, lyrics) VALUES (167, 40, 2, '6:23', '6:33', ' I was standing staring at the world And I can''t see it I was standing staring at the world And I still can''t see it ');
INSERT INTO phrases (id, song_id, member_id, start_time, end_time, lyrics) VALUES (168, 40, 2, '7:00', '7:15', ' I was standing staring at the world And I can''t see it I was standing staring at the world And I still can''t see it ');
INSERT INTO phrases (id, song_id, member_id, start_time, end_time, lyrics) VALUES (169, 40, 2, '7:15', '7:37', ' All that I have seen Standing on the edge, the foot of precipice Floating in the sea Past the king of swords, quickly to the shore The last baron The last baron ');
INSERT INTO phrases (id, song_id, member_id, start_time, end_time, lyrics) VALUES (170, 40, 4, '7:37', '7:55', ' Ghost of man Surrounds me in my slumber I have no fear As your wing is my shelter ');
INSERT INTO phrases (id, song_id, member_id, start_time, end_time, lyrics) VALUES (171, 40, 2, '7:58', '8:20', ' Cyanide he craves Coursing through his veins, providing him with strength To see this to the end Afraid of psychic eyes, faith in mystic power The last baron The last baron ');
INSERT INTO phrases (id, song_id, member_id, start_time, end_time, lyrics) VALUES (172, 40, 4, '8:36', '8:44', ' Will he save me? ');
INSERT INTO phrases (id, song_id, member_id, start_time, end_time, lyrics) VALUES (173, 40, 4, '8:58', '9:12', ' Will he save me? Will he save me? ');
INSERT INTO phrases (id, song_id, member_id, start_time, end_time, lyrics) VALUES (174, 40, 2, '9:32', '9:45', ' I''d guess they would say We could set this world ablaze ');
INSERT INTO phrases (id, song_id, member_id, start_time, end_time, lyrics) VALUES (175, 40, 4, '9:47', '9:53', ' Please, please take my hand, please take my soul to rest ');
INSERT INTO phrases (id, song_id, member_id, start_time, end_time, lyrics) VALUES (176, 40, 2, '9:53', '0:24', ' So we can always be around It is hard to see Through all the haze at the top of the trees Hold my head on stable ground Watch as the Earth falls all around ');
INSERT INTO phrases (id, song_id, member_id, start_time, end_time, lyrics) VALUES (177, 40, 4, '0:27', '0:32', ' Please, please take my hand, please take my soul to rest ');
INSERT INTO phrases (id, song_id, member_id, start_time, end_time, lyrics) VALUES (178, 40, 2, '0:32', '1:06', ' So we can always be around Faltering footsteps, dead end path All that I need is this wise man''s staff Encased in crystal, he leads the way I guess they''d say we could set the world ablaze ');
INSERT INTO phrases (id, song_id, member_id, start_time, end_time, lyrics) VALUES (179, 71, 1, '0:17', '0:40', '  When the Sultan gives orders to take your head  You must ride the winds to safety or you''ll wind up dead  Through the evil and darkness you make your stand  Only skeletons of war will guide you by the hand  ');
INSERT INTO phrases (id, song_id, member_id, start_time, end_time, lyrics) VALUES (180, 71, 4, '0:43', '0:55', '  Silence growing loud  Failure is not allowed  ');
INSERT INTO phrases (id, song_id, member_id, start_time, end_time, lyrics) VALUES (181, 71, 1, '0:57', '1:08', '  The battle that rages before my eyes  Is no different than the one that lives inside my head  ');
INSERT INTO phrases (id, song_id, member_id, start_time, end_time, lyrics) VALUES (182, 71, 4, '1:11', '1:48', '  Silence growing loud  Failure is not allowed  Ancient Kingdom still remains  Crumble slowly  Ride beyond mortality  Leaving beauty now  ');
INSERT INTO phrases (id, song_id, member_id, start_time, end_time, lyrics) VALUES (183, 71, 2, '1:52', '2:23', '  Falling rain sensing pain of mind  Falling rain sensing pain of mind  Pain of mind   ');
INSERT INTO phrases (id, song_id, member_id, start_time, end_time, lyrics) VALUES (184, 71, 2, '2:53', '3:28', '  Falling rain sensing pain of mind  Falling rain sensing pain of mind  Pain of mind  ');
INSERT INTO phrases (id, song_id, member_id, start_time, end_time, lyrics) VALUES (185, 71, 4, '3:36', '4:40', '  Silence growing loud  Failure is not allowed  Ancient Kingdom still remains  Crumble slowly  Ride beyond mortality  Leaving beauty now  Sparks explode into the air  Live forever  Ageless sounds, they never die  And I will remain ');
INSERT INTO phrases (id, song_id, member_id, start_time, end_time, lyrics) VALUES (186, 73, 4, '0:08', '0:32', '  It never ends  The game isn''t done  I feel the crawling and haunting upon us until you listen  It never ends  Enough is enough  Taking your essence and use it to strengthen their own flesh and blood  ');
INSERT INTO phrases (id, song_id, member_id, start_time, end_time, lyrics) VALUES (187, 73, 1, '0:40', '1:04', '  Time watching as the sand flows through glass  Light calls to me from future and from past  This kills me to know  We cannot learn  ');
INSERT INTO phrases (id, song_id, member_id, start_time, end_time, lyrics) VALUES (188, 73, 4, '1:08', '1:26', '  It never ends  The ink isn''t dry  The Great Consolation has written a second lease on your life  The Great Consolation has granted a second lease on your life  ');
INSERT INTO phrases (id, song_id, member_id, start_time, end_time, lyrics) VALUES (189, 73, 1, '1:26', '1:52', '  Light watching as the sand flows through glass  Time calls to me from future and from past  This kills me to know  We cannot learn  ');
INSERT INTO phrases (id, song_id, member_id, start_time, end_time, lyrics) VALUES (190, 73, 4, '1:26', '1:52', '  Light watching as the sand flows through glass  Time calls to me from future and from past  This kills me to know  We cannot learn  ');
INSERT INTO phrases (id, song_id, member_id, start_time, end_time, lyrics) VALUES (191, 73, 1, '3:00', '3:13', '  Time watching as the sand flows through glass (Time is moving as sand''s flowing) Light calls to me from future and from past (Light is blinding, radiating) ');
INSERT INTO phrases (id, song_id, member_id, start_time, end_time, lyrics) VALUES (192, 73, 4, '3:00', '3:13', '  Time watching as the sand flows through glass (Time is moving as sand''s flowing) Light calls to me from future and from past (Light is blinding, radiating) ');
INSERT INTO phrases (id, song_id, member_id, start_time, end_time, lyrics) VALUES (193, 73, 4, '3:16', '3:25', '  It never ends, it never ends, it never ends  ');
INSERT INTO phrases (id, song_id, member_id, start_time, end_time, lyrics) VALUES (194, 73, 16, '3:36', '3:54', '  Chronic illusions confusing conclusions  Foster the culture, predict the deception  Chronic delusions with caustic solutions ');
INSERT INTO phrases (id, song_id, member_id, start_time, end_time, lyrics) VALUES (195, 72, 4, '0:14', '0:26', '  Silent all your life  Running without vision  Hollowed out inside  Wronging all that''s right  ');
INSERT INTO phrases (id, song_id, member_id, start_time, end_time, lyrics) VALUES (196, 72, 2, '0:27', '0:48', '  There''s no cause to be alarmed  And no reason to escape from us  There''s no illness and no pain  And no thought of any suffering  ');
INSERT INTO phrases (id, song_id, member_id, start_time, end_time, lyrics) VALUES (197, 72, 4, '0:51', '1:00', '  The road is long and bare  No clarity, no light  The moment came and swallowed us  Blinding all our sight  ');
INSERT INTO phrases (id, song_id, member_id, start_time, end_time, lyrics) VALUES (198, 72, 2, '1:02', '1:23', '  We will keep you free from harm  All you have to do is stand with us  I will mend your wounded heart  And restore the trust that you have lost  ');
INSERT INTO phrases (id, song_id, member_id, start_time, end_time, lyrics) VALUES (199, 72, 4, '1:24', '1:47', '  Give your life  So I can breathe  Save our lives  It''s all we need  ');
INSERT INTO phrases (id, song_id, member_id, start_time, end_time, lyrics) VALUES (200, 72, 2, '1:24', '1:47', '  Give your life  So I can breathe  Save our lives  It''s all we need  ');
INSERT INTO phrases (id, song_id, member_id, start_time, end_time, lyrics) VALUES (201, 72, 2, '3:14', '3:35', '  We can lead you underground  And devour your humanity  Follow heat and follow sound  To the end of your insanity  ');
INSERT INTO phrases (id, song_id, member_id, start_time, end_time, lyrics) VALUES (202, 72, 4, '3:36', '4:24', '  Give your life  So I can breathe  Save our lives  It''s all we need  Give your life  So I can breathe  Save our lives  It''s all we need ');
INSERT INTO phrases (id, song_id, member_id, start_time, end_time, lyrics) VALUES (203, 72, 2, '3:36', '4:24', '  Give your life  So I can breathe  Save our lives  It''s all we need  Give your life  So I can breathe  Save our lives  It''s all we need ');
INSERT INTO phrases (id, song_id, member_id, start_time, end_time, lyrics) VALUES (204, 75, 2, '0:30', '1:59', '  I ain''t no good  And I live by the wood  They say I ain''t bad  I''m the best they have had  And I know it ain''t right  But I''ll fight my whole life Just to prove that I was right  The day it went down  I was out on my path  Not feeling so bad  I''m a suspect now  I''m a vagabond tramp  Living out on the lam  I live by the woods  They say I ain''t bad  I''m the best that I''ve had  And I know it ain''t right  But I''ll fight my whole life  Just to prove that I was right  ');
INSERT INTO phrases (id, song_id, member_id, start_time, end_time, lyrics) VALUES (205, 75, 1, '2:14', '3:15', '  Terrestrial fire ascending from underground  Godspeed divine  So we control the mound  Shape shifter, spirits whisper  Guide me through this black sorcery  Flashing teeth  Aggressive tendencies  Cloaked beneath  Silver redeems  Smoking mirrors  Black obsidian  Tell us where to find the marrow  ');
INSERT INTO phrases (id, song_id, member_id, start_time, end_time, lyrics) VALUES (206, 75, 4, '3:16', '3:36', '  The prophecy  Will be realized  Lord of the near and the nigh  Possessor of earth and sky  ');
INSERT INTO phrases (id, song_id, member_id, start_time, end_time, lyrics) VALUES (207, 75, 1, '3:48', '4:01', '  Guard your temple  From destruction  Make sure no one goes inside  ');
INSERT INTO phrases (id, song_id, member_id, start_time, end_time, lyrics) VALUES (208, 75, 4, '4:03', '4:25', '  The prophecy  Will be realized  Lord of the near and the nigh  Possessor of earth and sky  ');
INSERT INTO phrases (id, song_id, member_id, start_time, end_time, lyrics) VALUES (209, 75, 4, '5:01', '5:16', '  It''s right in front of me  The throne of maladies  It''s right in front of me  Your malignancy  ');
INSERT INTO phrases (id, song_id, member_id, start_time, end_time, lyrics) VALUES (210, 75, 4, '5:29', '5:43', '  It''s right in front of me  The throne of maladies  It''s right in front of me  Your malignancy  ');
INSERT INTO phrases (id, song_id, member_id, start_time, end_time, lyrics) VALUES (211, 75, 4, '6:07', '6:20', '  It''s right in front of me  The throne of maladies  It''s right in front of me  Your malignancy ');
INSERT INTO phrases (id, song_id, member_id, start_time, end_time, lyrics) VALUES (212, 67, 2, '0:15', '0:36', '  I hope the sun shows the way  Don''t crush my spirit today  Reveal your precious stones  So I can help myself  ');
INSERT INTO phrases (id, song_id, member_id, start_time, end_time, lyrics) VALUES (213, 67, 1, '0:44', '1:05', '  Don''t waste your time  Don''t let it slip away from you  Don''t waste your time  If it''s the last thing that you do  ');
INSERT INTO phrases (id, song_id, member_id, start_time, end_time, lyrics) VALUES (214, 67, 4, '0:44', '1:05', '  Don''t waste your time  Don''t let it slip away from you  Don''t waste your time  If it''s the last thing that you do  ');
INSERT INTO phrases (id, song_id, member_id, start_time, end_time, lyrics) VALUES (215, 67, 2, '1:07', '1:29', '  I dig through bone and skull  Imagine black emerald  I''m covered head to toe  With diamonds in the rough  ');
INSERT INTO phrases (id, song_id, member_id, start_time, end_time, lyrics) VALUES (216, 67, 1, '1:37', '1:59', '  Don''t waste your time  Don''t let it slip away from you  Don''t waste your time  If it''s the last thing that you do  ');
INSERT INTO phrases (id, song_id, member_id, start_time, end_time, lyrics) VALUES (217, 67, 4, '1:37', '1:59', '  Don''t waste your time  Don''t let it slip away from you  Don''t waste your time  If it''s the last thing that you do  ');
INSERT INTO phrases (id, song_id, member_id, start_time, end_time, lyrics) VALUES (218, 67, 2, '2:50', '3:18', '  These snakes have nothing to say  I want their heads right away  I sharpen every blade  And I give them all to you  Yeah, I give them all to you  ');
INSERT INTO phrases (id, song_id, member_id, start_time, end_time, lyrics) VALUES (219, 67, 2, '3:29', '3:40', ' You''re in my head  You''re in my head again ');
INSERT INTO phrases (id, song_id, member_id, start_time, end_time, lyrics) VALUES (220, 69, 4, '0:49', '1:18', '  And the sky opened up and it swallowed us whole  All that''s left is time and healing underground  Underneath us the cosmic dawn of war begins  We resolve and watch as it all crumbles down  ');
INSERT INTO phrases (id, song_id, member_id, start_time, end_time, lyrics) VALUES (221, 69, 1, '1:22', '1:51', '  Beauty fades  Deaths decay  Fires on high  Reach the sky  Branches break  Roots remain  Strong in mind  Beauty  ');
INSERT INTO phrases (id, song_id, member_id, start_time, end_time, lyrics) VALUES (222, 69, 4, '1:52', '2:23', '  Your adventure is dark and it hides beyond the cells  All I feel alive, the hearts will prevail  The stolen eye was found and given to the lost soul  While the moon sets far and the milestones seem low  ');
INSERT INTO phrases (id, song_id, member_id, start_time, end_time, lyrics) VALUES (223, 69, 1, '2:26', '2:56', '  Beauty fades  Deaths decay  Fires on high  Reach the sky  Branches break  Roots remain  Strong in mind  Beauty  ');
INSERT INTO phrases (id, song_id, member_id, start_time, end_time, lyrics) VALUES (224, 69, 1, '3:25', '4:29', '  And all that I have come to lose  Gone so long it doesn''t matter anyway  And all that I have come to gain  Will remain with me until the bitter end  And when you sit and picture me  Remember sitting in the sun and dancing in the rain  The end is not the end, you see  It''s just the recognition of a memory  ');
INSERT INTO phrases (id, song_id, member_id, start_time, end_time, lyrics) VALUES (225, 69, 4, '4:36', '4:55', '  The eyes  The face  The lips  The tongue  The end  The end  ');
INSERT INTO phrases (id, song_id, member_id, start_time, end_time, lyrics) VALUES (226, 74, 4, '0:21', '0:40', '  The elusive mystery  Determined by the stars  The stigma is valid, truth and fear  The fear is real  ');
INSERT INTO phrases (id, song_id, member_id, start_time, end_time, lyrics) VALUES (227, 74, 7, '0:42', '1:01', '  It will set us free  It took my Pa  I stand in deliverance  Waiting for destruction  In a wake of blood  ');
INSERT INTO phrases (id, song_id, member_id, start_time, end_time, lyrics) VALUES (228, 74, 4, '1:01', '1:19', '  The awakening moment arrives  Returning you at will  The midnight hour prepares for truth  The truth is real  The truth is real  ');
INSERT INTO phrases (id, song_id, member_id, start_time, end_time, lyrics) VALUES (229, 74, 7, '1:20', '1:44', '  It''s so far beyond my reach  The crimson mask is rising black  The last setting sun  Will be seen in my dusted mind  ');
INSERT INTO phrases (id, song_id, member_id, start_time, end_time, lyrics) VALUES (230, 74, 7, '2:09', '2:27', ' Constantly burying our loves  In the trench of this  Mysterious despair  It leaves us empty  Clawing in  Clawing in  ');
INSERT INTO phrases (id, song_id, member_id, start_time, end_time, lyrics) VALUES (231, 74, 4, '2:37', '2:55', '  The elusive mystery  Determined by the stars  The stigma is valid truth and fear  The fear is real  ');
INSERT INTO phrases (id, song_id, member_id, start_time, end_time, lyrics) VALUES (232, 74, 7, '2:55', '3:14', '  Free us from this feeder  Lead me in deeper  To fulfil this seed that I grew  Into at my birth ');
INSERT INTO phrases (id, song_id, member_id, start_time, end_time, lyrics) VALUES (233, 66, 1, '0:01', '0:30', '  Show yourself  Show yourself  I want to see everything you''re made of  Tear it down and rip it out  Shed your skin and float it down the river  Lose yourself  Lose yourself  Wild horses ride you through the valley  Come alive  Come alive  Sail into the void without your worries  ');
INSERT INTO phrases (id, song_id, member_id, start_time, end_time, lyrics) VALUES (234, 66, 4, '0:30', '0:54', '  You''re not as safe as far as I can tell  And I can tell  Only you can save yourself  Soon this will all be a distant memory  Or could this dream be real at all? ');
INSERT INTO phrases (id, song_id, member_id, start_time, end_time, lyrics) VALUES (235, 66, 1, '0:54', '1:08', '  Stars align  Stars align  Stars can fall and get you into trouble  Be afraid  Don''t be afraid  Speak the ancient wisdom of the desert  ');
INSERT INTO phrases (id, song_id, member_id, start_time, end_time, lyrics) VALUES (236, 66, 4, '1:09', '1:34', '  You''re not as safe as far as I can tell  And I can tell  Only you can save yourself  Soon this will all be a distant memory  Or could this dream be real at all? ');
INSERT INTO phrases (id, song_id, member_id, start_time, end_time, lyrics) VALUES (237, 66, 1, '2:31', '2:59', '  Show yourself Show yourself  I wanna see everything you''re made of  Reveal yourself  Reveal yourself  The truth will send a ripple through your body  See your fate  You''ll see your fate  Death will come and steal you from the living  Dead and gone  Dead and gone  I''ll see you on the other side of fire ');
INSERT INTO phrases (id, song_id, member_id, start_time, end_time, lyrics) VALUES (238, 68, 1, '0:35', '0:55', '  Running outside the  Nazca Lines  You know I see you all in white  Hoping you''ll grow the fruitful vines  And the rain to give us life  ');
INSERT INTO phrases (id, song_id, member_id, start_time, end_time, lyrics) VALUES (239, 68, 1, '1:09', '1:31', '  Violence born within my mind  I know it always takes its time  Climbing inside the cosmic eye  And forgive the enemy  ');
INSERT INTO phrases (id, song_id, member_id, start_time, end_time, lyrics) VALUES (240, 68, 1, '1:33', '1:54', '  I wonder who I am  Reflections offer nothing  I wonder where I stand  I''m afraid of myself  ');
INSERT INTO phrases (id, song_id, member_id, start_time, end_time, lyrics) VALUES (241, 68, 4, '1:33', '1:54', '  I wonder who I am  Reflections offer nothing  I wonder where I stand  I''m afraid of myself  ');
INSERT INTO phrases (id, song_id, member_id, start_time, end_time, lyrics) VALUES (242, 68, 1, '2:07', '2:29', '  Watching you crumble to the ground  Made me want to run away  Helping you find the golden crown  Made it easier to stay  ');
INSERT INTO phrases (id, song_id, member_id, start_time, end_time, lyrics) VALUES (243, 68, 1, '2:31', '2:52', '  I wonder who I am  Reflections offer nothing  I wonder where I stand  I''m afraid of myself  ');
INSERT INTO phrases (id, song_id, member_id, start_time, end_time, lyrics) VALUES (244, 68, 4, '2:31', '2:52', '  I wonder who I am  Reflections offer nothing  I wonder where I stand  I''m afraid of myself  ');
INSERT INTO phrases (id, song_id, member_id, start_time, end_time, lyrics) VALUES (245, 68, 2, '3:16', '3:37', '  At the bottom of the mountain  Unaware of my surroundings  Separation from my spirit  Let the trees fall where they may  ');
INSERT INTO phrases (id, song_id, member_id, start_time, end_time, lyrics) VALUES (246, 68, 1, '4:14', '4:35', '  I wonder who I am  Reflections offer nothing  I wonder where I stand  I''m afraid of myself ');
INSERT INTO phrases (id, song_id, member_id, start_time, end_time, lyrics) VALUES (247, 68, 4, '4:14', '4:35', '  I wonder who I am  Reflections offer nothing  I wonder where I stand  I''m afraid of myself ');
INSERT INTO phrases (id, song_id, member_id, start_time, end_time, lyrics) VALUES (248, 65, 4, '0:23', '0:38', '  Tired and lost  No one to trust  Who is there to give the push? All I have learned  Straighten the curve  Like a circle to return  ');
INSERT INTO phrases (id, song_id, member_id, start_time, end_time, lyrics) VALUES (249, 65, 2, '0:38', '1:02', '  The long embrace  The smell of dirt and roses  Under the sun  No sign of bread or water  I fall asleep under blankets of stars  ');
INSERT INTO phrases (id, song_id, member_id, start_time, end_time, lyrics) VALUES (250, 65, 4, '1:06', '1:23', '  Ice hit you cold  Heat of surprise  Bending mind can''t realize  Faith is in me  End I can see  Tears are strong as ten thousand tongues  ');
INSERT INTO phrases (id, song_id, member_id, start_time, end_time, lyrics) VALUES (251, 65, 2, '1:23', '1:56', '  My sweet mirage I bathe in sacred waters I kiss the  Sky Floating in Sultans'' daughters  Memories of loved ones are passing me by  Memories of loved ones are passing me by  ');
INSERT INTO phrases (id, song_id, member_id, start_time, end_time, lyrics) VALUES (252, 65, 1, '2:00', '2:33', '  Oceans of sand and rust  Give way and yield my wake  Oceans of sand and rust  Give way and yield my wake  ');
INSERT INTO phrases (id, song_id, member_id, start_time, end_time, lyrics) VALUES (253, 65, 1, '2:55', '3:28', '  They''re waiting inside  They''re waiting to wash your eyes out  Their hands are alive  Alive with a fervent anger  Your feet have been tied and your tongue in your hand  Death of a thousand ravens  You''re down on your knees  You''re blind as the  Ancient Kingdom  ');
INSERT INTO phrases (id, song_id, member_id, start_time, end_time, lyrics) VALUES (254, 65, 4, '3:50', '4:05', '  Relive the ages of the moon  Reeling the water close to you ');
INSERT INTO phrases (id, song_id, member_id, start_time, end_time, lyrics) VALUES (255, 70, 4, '0:14', '1:26', '  Diamond in the wishing well  Falling underneath the spell  Save me from the wicked ways  Pulling me with all its weight  High above the silver line  Flying over burning ground  Ringing bells with golden chains  Resonating with the sound  Siren sounded  I didn''t hear it  Travel deep within the mine  Never want to cross the line  Found the one I''d never sell  One I thought I''d never find  Searching through the layers of filth  Feeling where the light is from  Always licking off the bone  Carve a way to our home  Siren sounded  I didn''t hear it  Voices warned  I''d not heed it  ');
INSERT INTO phrases (id, song_id, member_id, start_time, end_time, lyrics) VALUES (256, 70, 1, '1:27', '1:51', '  I fell into a pit of lies  I tried to dig around the other side  And much to my surprise  I was to blame for all the rain  ');
INSERT INTO phrases (id, song_id, member_id, start_time, end_time, lyrics) VALUES (257, 70, 1, '2:56', '3:20', '  I fell into a pit of lies  I tried to dig around the other side And much to my surprise  I was to blame for all the rain  I was to blame for all the rain ');
INSERT INTO phrases (id, song_id, member_id, start_time, end_time, lyrics) VALUES (258, 85, 4, '0:04', '1:13', ' I cannot bare to believe that you have left this Earth  I couldn''t stare as they covered you up with dirt and left  With all the best intent  And all your eloquence  The price we paid to know you  Your smile is stretching from the stars  I am still standing here in solace  I sense the writhing  Peeling off your skin  As the coals burn  We''ll walk on fire  ');
INSERT INTO phrases (id, song_id, member_id, start_time, end_time, lyrics) VALUES (259, 85, 4, '1:22', '1:55', ' The lines you carved remain  Too many days to remember  Too many times have I tried  The price we paid to know you  The price we paid to know you  ');
INSERT INTO phrases (id, song_id, member_id, start_time, end_time, lyrics) VALUES (260, 85, 4, '2:56', '4:05', ' A dark shadow was cast with your departure  Now dig our way out from this mudslide and survive  With all the best intent  And all your eloquence  The price we paid to know you  Projecting light from beyond  We stare until the bruises soften  Never will there  Be another you  As the sun turns  We hold you tighter  ');
INSERT INTO phrases (id, song_id, member_id, start_time, end_time, lyrics) VALUES (261, 85, 4, '4:12', '4:46', ' The final curtain calls  How many ways you brought pleasure  How many nights you brought to life  The price we paid to know you  The price we paid to know you ');
INSERT INTO phrases (id, song_id, member_id, start_time, end_time, lyrics) VALUES (262, 89, 4, '0:46', '1:35', '  All eyes forward  See what''s to be done  Calloused as I am becoming  Less and less of my own  If I burn the bridges  Leaving the ash behind  There''s no choice but to move on  Within a heartbeat the dream is dead  ');
INSERT INTO phrases (id, song_id, member_id, start_time, end_time, lyrics) VALUES (263, 89, 1, '1:35', '1:54', '  All that I have sacrificed is leaving me and letting go now  I don''t want to leave you here alone among the wind and weeping  ');
INSERT INTO phrases (id, song_id, member_id, start_time, end_time, lyrics) VALUES (264, 89, 4, '2:08', '2:59', '  Circles I''ve broken  Once, they seemed so clear  Leaving the past I buried  Deep in yesteryear  This will bring back memories  That I don''t want anymore  Always see reminders  And now I close the door  The illusion is gone, the end is here  ');
INSERT INTO phrases (id, song_id, member_id, start_time, end_time, lyrics) VALUES (265, 89, 1, '2:59', '3:40', '  All that I have sacrificed is leaving me and letting go now  I don''t want to leave you here alone among the wind and weeping  If I could crawl beneath the earth and settle with the worms and dirt  I''d steal the eyes of serpents soothing powers from the deep blue sea  ');
INSERT INTO phrases (id, song_id, member_id, start_time, end_time, lyrics) VALUES (266, 89, 4, '5:08', '5:45', '  Is this just our fortune or unexpected fate? A betterment for all  The trials we made are troubling, they smother me  Lay me bare to dry  Begging me to call it quits and go for broke  Bury me as I fall  To treat you as a part of me, it hollows you  The story has to fold ');
INSERT INTO phrases (id, song_id, member_id, start_time, end_time, lyrics) VALUES (267, 90, 1, '0:21', '0:50', '  I wish I could run forever  Not concerned if I am found  I wish I had all the answers  I wish I knew what went wrong  ');
INSERT INTO phrases (id, song_id, member_id, start_time, end_time, lyrics) VALUES (268, 90, 4, '0:55', '1:07', '  Whatever you say is too late  Speak it before you run  Waiting is just a mistake  ');
INSERT INTO phrases (id, song_id, member_id, start_time, end_time, lyrics) VALUES (269, 90, 1, '1:10', '1:40', '  I just need you to whisper  Tell me all is well  You deserve to be happy  Not stuck knee deep in hell  ');
INSERT INTO phrases (id, song_id, member_id, start_time, end_time, lyrics) VALUES (270, 90, 4, '1:45', '2:18', '  Whatever you say is too late  Speak it before you run  Waiting is just a mistake  It pains me to see you this way  To erase you is what I fear  You''re swimming through my head, it keeps you near  ');
INSERT INTO phrases (id, song_id, member_id, start_time, end_time, lyrics) VALUES (271, 90, 4, '2:53', '3:27', '  But all we said was too late  Still, you intend to run  Chasing another mistake It pains me to see you this way  To erase you is what I fear  You''re swimming through my head  It keeps you near  ');
INSERT INTO phrases (id, song_id, member_id, start_time, end_time, lyrics) VALUES (272, 90, 1, '3:46', '4:52', '  My love, so strong  Washing the dirt away  As the snakes all go to their holes  My love, so strong  Bathing in turpentine  Until the flesh and bone come undone  My love, so strong  Deflecting the thoughts of strangers  To reach the other side  My love, so strong  The mountains we made in the distance  Those will stay with us ');
INSERT INTO phrases (id, song_id, member_id, start_time, end_time, lyrics) VALUES (273, 88, 4, '1:33', '2:00', '  Long and frayed  Static surrounds us  Break the free fall  Safely land  When man can climb to see  His rejection  Spirit''ll burn  Evaporate  ');
INSERT INTO phrases (id, song_id, member_id, start_time, end_time, lyrics) VALUES (274, 88, 1, '2:06', '2:34', '  I left you in the wind  To pull the scraps together  I''m the one who sinned  There''s more for me to weather  ');
INSERT INTO phrases (id, song_id, member_id, start_time, end_time, lyrics) VALUES (275, 88, 4, '2:35', '3:05', '  Complications  Of loss and gain  The grace he gave  Is filling the void  How to proceed  With new direction  As photographs  Melt away  ');
INSERT INTO phrases (id, song_id, member_id, start_time, end_time, lyrics) VALUES (276, 88, 1, '3:09', '3:39', '  I left you in the wind  To pull the scraps together  I''m the one who sinned  There''s more for me to weather  ');
INSERT INTO phrases (id, song_id, member_id, start_time, end_time, lyrics) VALUES (277, 88, 1, '5:05', '5:35', '  Waiting  For the sun to rise  So I can  Say my last goodbye All that I needed from you was your warm embrace  Turns out that was mine to give  ');
INSERT INTO phrases (id, song_id, member_id, start_time, end_time, lyrics) VALUES (278, 88, 4, '5:37', '6:00', ' Fools play into broken plans  Tuned straight from servants'' hand  Reaping ill-gotten gains  Bleeding this love away  ');
INSERT INTO phrases (id, song_id, member_id, start_time, end_time, lyrics) VALUES (279, 88, 1, '6:02', '6:32', ' Coming home to rescue me  The fate of man resides in empathy  Seems my foundation is shaking and giving way  Look for my hand reaching up from this rubble and clay  ');
INSERT INTO phrases (id, song_id, member_id, start_time, end_time, lyrics) VALUES (280, 88, 4, '5:35', '6:49', ' It''s too late  My heart''s away  It''s too late Reborn again  ');
INSERT INTO phrases (id, song_id, member_id, start_time, end_time, lyrics) VALUES (281, 88, 1, '7:53', '8:24', '  I left you in the wind  To pull the scraps together  I''m the one who sinned  There''s more for me to weather ');
INSERT INTO phrases (id, song_id, member_id, start_time, end_time, lyrics) VALUES (282, 86, 4, '0:34', '0:54', '  A thousand lights in the night  Alone in the spectrum  On this sand, I find  And realize  ');
INSERT INTO phrases (id, song_id, member_id, start_time, end_time, lyrics) VALUES (283, 86, 4, '1:05', '1:17', '  The light will guide you alone  I can position your way  You''re gonna make it  ');
INSERT INTO phrases (id, song_id, member_id, start_time, end_time, lyrics) VALUES (284, 86, 4, '1:24', '2:43', '  Enduring the tireless fight  Death in slow motion  I''m growing tired of this scene  Echoes in your past  The light will guide you alone  I can position your way  You''re gonna make it  You had it all  Tomorrow''s never fine  The peace we lost in ourselves are never found  You''re gonna make it  You had it all  Tomorrow''s never fine  The peace we lost in ourselves are never found  You''re gonna make it  ');
INSERT INTO phrases (id, song_id, member_id, start_time, end_time, lyrics) VALUES (285, 86, 4, '4:14', '4:58', '  You had it all  Tomorrow''s never fine  The peace we lost in ourselves are never found  You''re gonna make it  You had it all  Tomorrow''s never fine  The peace we lost in ourselves are never found  You''re gonna make it ');
INSERT INTO phrases (id, song_id, member_id, start_time, end_time, lyrics) VALUES (286, 79, 1, '1:10', '1:46', '  Will there ever be a moment I won''t feel this heat coming up from ground? Will there ever be a time when I can show myself through open doors? All I need is you to tell me how to reconcile this guilt and shame  I''ve already ripped myself to pieces and I''ve given it away  ');
INSERT INTO phrases (id, song_id, member_id, start_time, end_time, lyrics) VALUES (287, 79, 4, '1:50', '2:08', '  All the weight lies upon my shoulders from  The great disruption  It''s hard to breathe inside these waves of doubt  Tidal distraction  ');
INSERT INTO phrases (id, song_id, member_id, start_time, end_time, lyrics) VALUES (288, 79, 1, '2:30', '3:07', '  Can you tell me how to wish away this chaos making my head spin? Can you tell me how to soothe the savage beast locked up inside these walls? Will there ever be a place that I can hide and heal these open sores? Or do I have to cut them out and eat them as my people adore? ');
INSERT INTO phrases (id, song_id, member_id, start_time, end_time, lyrics) VALUES (289, 79, 4, '3:10', '3:28', '  All the weight lies upon my shoulders from  The great disruption  It''s hard to breathe inside these waves of doubt  Tidal distraction  ');
INSERT INTO phrases (id, song_id, member_id, start_time, end_time, lyrics) VALUES (290, 79, 4, '3:56', '4:35', '  I have, I have lost my way  Reaching, reaching for today  I have, I have lost my way  Reaching, reaching for today  ');
INSERT INTO phrases (id, song_id, member_id, start_time, end_time, lyrics) VALUES (291, 79, 1, '3:56', '4:35', '  I have, I have lost my way  Reaching, reaching for today  I have, I have lost my way  Reaching, reaching for today  ');
INSERT INTO phrases (id, song_id, member_id, start_time, end_time, lyrics) VALUES (292, 79, 1, '5:03', '5:46', '  Say when  And I''ll come running back  Say when  And I''ll come running back  Say when  And I''ll come running back  Say when  And I''ll come running back ');
INSERT INTO phrases (id, song_id, member_id, start_time, end_time, lyrics) VALUES (293, 76, 1, '0:30', '1:12', '  Oh, my dear  Look what we''ve done here  My greatest fear  A pain with an anchor  The taste of defeat  Oh, my dear  Look what we''ve come to  We''ve shattered serene  ');
INSERT INTO phrases (id, song_id, member_id, start_time, end_time, lyrics) VALUES (294, 76, 4, '1:15', '1:35', '  I''ve turned the grief to medicine  Into my mouth will enter  The hardest pill  I''ve ever had to swallow down  As karma whispers  ');
INSERT INTO phrases (id, song_id, member_id, start_time, end_time, lyrics) VALUES (295, 76, 1, '2:00', '2:27', '  Oh, my dear  The damage is done here I disappear  A love with no anchor  In the depths of the sea  ');
INSERT INTO phrases (id, song_id, member_id, start_time, end_time, lyrics) VALUES (296, 76, 4, '2:29', '2:49', '  I''ve turned the grief to medicine  Into my mouth will enter  The hardest pill  I''ve ever had to swallow down  As karma whispers ');
INSERT INTO phrases (id, song_id, member_id, start_time, end_time, lyrics) VALUES (297, 84, 2, '1:05', '1:26', '  The night I went under  And there was no one around  Nothing to swim to  Not the sky, not the ground  I heard you speak to me  And said to just go down  ');
INSERT INTO phrases (id, song_id, member_id, start_time, end_time, lyrics) VALUES (298, 84, 1, '1:27', '1:46', '  Swept away  In peaceful tranquility  I wish that I could stay  ');
INSERT INTO phrases (id, song_id, member_id, start_time, end_time, lyrics) VALUES (299, 84, 2, '1:51', '2:02', '  And I keep on waiting  For someone to save me  I keep waiting for someone to ask me What is your name? ');
INSERT INTO phrases (id, song_id, member_id, start_time, end_time, lyrics) VALUES (300, 84, 1, '2:06', '2:23', '  Swept away  In peaceful tranquility  I wish that I could stay  ');
INSERT INTO phrases (id, song_id, member_id, start_time, end_time, lyrics) VALUES (301, 84, 4, '2:34', '3:01', '  I''ve seen worse before  I''ve had trouble breathing  I''ve had scrapes and scars Healing from lacerations  Bending from days on end  I get up and walk away  ');
INSERT INTO phrases (id, song_id, member_id, start_time, end_time, lyrics) VALUES (302, 84, 1, '3:14', '2:26', '  Through all the lies I told before  Well, now, they''ve all come true Never mind this screaming in the cold  ');
INSERT INTO phrases (id, song_id, member_id, start_time, end_time, lyrics) VALUES (303, 84, 1, '2:34', '3:53', ' And when I caught a glimpse of you  You were laughing at me and looking away  And I did everything I could  To try to get you to stay  ');
INSERT INTO phrases (id, song_id, member_id, start_time, end_time, lyrics) VALUES (304, 84, 2, '4:36', '4:49', '  I pass through dimensions  And leaving this plane  Turning into the ether  It changes everything  ');
INSERT INTO phrases (id, song_id, member_id, start_time, end_time, lyrics) VALUES (305, 84, 1, '4:50', '5:09', ' Swept away  In peaceful tranquility  I wish that I could stay  ');
INSERT INTO phrases (id, song_id, member_id, start_time, end_time, lyrics) VALUES (306, 84, 4, '5:21', '5:47', '  I can''t hear at all  I''ve had trouble speaking  Will this heal my heart? Relive the never-ending  Bending for days on end  I''ll get up and walk away ');
INSERT INTO phrases (id, song_id, member_id, start_time, end_time, lyrics) VALUES (307, 83, 4, '0:22', '0:39', '  I think I''m ready to start  I thought I heard you scream  We''re all part of this fucked up devastation (Go) Always spinning the wheels  A greater vision in sight  It''s not failure if you''re trying  ');
INSERT INTO phrases (id, song_id, member_id, start_time, end_time, lyrics) VALUES (308, 83, 4, '0:59', '1:16', '  Another prick of a thorn  The body reaches deep  As I choke the situation  Seeming clever and wise  Clouded beyond the dark cells  I know not what drips inside me  ');
INSERT INTO phrases (id, song_id, member_id, start_time, end_time, lyrics) VALUES (309, 83, 1, '1:17', '1:34', '  Pushing the tides  Trying not to go down and taken under  Pushing the tides  Try to keep my head above the water  ');
INSERT INTO phrases (id, song_id, member_id, start_time, end_time, lyrics) VALUES (310, 83, 4, '1:42', '2:00', ' (Go) You try untying the weight  And you continue to breathe  I remove you for protection  And where to go from here  A place you value the most  Such a brilliant realization  ');
INSERT INTO phrases (id, song_id, member_id, start_time, end_time, lyrics) VALUES (311, 83, 1, '2:02', '2:24', '  Pushing the tides  Trying not to go down and taken under  Pushing the tides  Try to keep my head above the water  Pushing the tides  Leading us to prevail  ');
INSERT INTO phrases (id, song_id, member_id, start_time, end_time, lyrics) VALUES (312, 83, 4, '2:25', '2:27', ' And all we desire  ');
INSERT INTO phrases (id, song_id, member_id, start_time, end_time, lyrics) VALUES (313, 83, 1, '2:29', '2:36', ' Pushing the tides  With every ounce of strength I have ');
INSERT INTO phrases (id, song_id, member_id, start_time, end_time, lyrics) VALUES (314, 87, 1, '0:16', '0:39', '  Running from an endless source of everlasting light  Stumble into darkness of my own creation  Navigate this maze of self-destruction''s inner glow  Worship at the feet of primal gods of chaos  ');
INSERT INTO phrases (id, song_id, member_id, start_time, end_time, lyrics) VALUES (315, 87, 4, '0:42', '1:14', '  The walls we create  The cracks will begin to show  And watch them start to fall  All is indefinite  How quickly we evaporate  To memories and only dreams  As the seismic shifts  Veering into unknown space  Where monuments will bare your name  ');
INSERT INTO phrases (id, song_id, member_id, start_time, end_time, lyrics) VALUES (316, 87, 1, '1:17', '1:39', '  Drinking from reflections in the pool of endless doubt  Continue on the path of reckless devastation  In the pit of death and bones and carcasses decayed  It''s here I find a guiding hand to true salvation  ');
INSERT INTO phrases (id, song_id, member_id, start_time, end_time, lyrics) VALUES (317, 87, 4, '1:42', '2:39', '  Push through the pain  Developing calloused hands  To dig, scrape and claw  Thought and visions stick  The images, how they still burn  Cementing of your legacy  Now it''s flooding back  Trigger the unlocking fate  To wash away and letting free Dredging the weight  Dragging through hollow ground  To break the chain of lies'' Round and ''round, we battle ourselves  Silencing our tongues ');
INSERT INTO phrases (id, song_id, member_id, start_time, end_time, lyrics) VALUES (318, 78, 4, '0:28', '0:57', '  Please excuse the madness  Of the situation I am in  Are we reunited? For we both share the cause of this  ');
INSERT INTO phrases (id, song_id, member_id, start_time, end_time, lyrics) VALUES (319, 78, 4, '1:14', '1:45', '  You choose to apply logic  It''s hard to ply where there is none  My destination''s unknown  Allow the man to walk in his shoes from here  ');
INSERT INTO phrases (id, song_id, member_id, start_time, end_time, lyrics) VALUES (320, 78, 1, '1:49', '2:11', '  Death comes and brings with him sickle and peace  Shelter from storms come with long flowing robes  ');
INSERT INTO phrases (id, song_id, member_id, start_time, end_time, lyrics) VALUES (321, 78, 4, '2:30', '3:00', '  Justifying all your control  I cease to mourn what never could be  No feeling''s ever final  Just another scar I wear and hold dear  ');
INSERT INTO phrases (id, song_id, member_id, start_time, end_time, lyrics) VALUES (322, 78, 1, '3:06', '3:27', '  Death comes and brings with him sickle and peace  Shelter from storms come with long flowing robes  ');
INSERT INTO phrases (id, song_id, member_id, start_time, end_time, lyrics) VALUES (323, 78, 4, '3:33', '3:55', '  Falling down and losing ground  Save me from myself  All I''ve seen and all I know I''ve not been this low  ');
INSERT INTO phrases (id, song_id, member_id, start_time, end_time, lyrics) VALUES (324, 78, 4, '4:38', '5:00', '  Now I stand up on my own  Learning from myself  Where I''ve been and where I''ll go Still remains unknown  ');
INSERT INTO phrases (id, song_id, member_id, start_time, end_time, lyrics) VALUES (325, 78, 1, '5:04', '5:25', '  Death comes and brings with him sickle and peace  Shelter from storms come with long flowing robes ');
INSERT INTO phrases (id, song_id, member_id, start_time, end_time, lyrics) VALUES (326, 81, 4, '0:16', '1:03', '  You reached two hands outward  Two birds spreading our wings  Today''s arms turn numb  When I turn it inward  We live and breathe all your thousand words  Now you sleep, we''ll finish your work  ');
INSERT INTO phrases (id, song_id, member_id, start_time, end_time, lyrics) VALUES (327, 81, 4, '1:05', '1:34', '  To my detriment  To my detriment  To my detriment (I forge ahead unscarred) To my detriment  ');
INSERT INTO phrases (id, song_id, member_id, start_time, end_time, lyrics) VALUES (328, 81, 1, '1:05', '1:34', '  To my detriment  To my detriment  To my detriment (I forge ahead unscarred) To my detriment  ');
INSERT INTO phrases (id, song_id, member_id, start_time, end_time, lyrics) VALUES (329, 81, 4, '1:36', '2:40', '  You painted us with effort  Always praising us high  The day has come to face the storm  As lightning strikes me in two  We live the dream onward as it were  Endless days we''ll carry on as one  There''s no doubt of what we''re her to do  You laid it out, a promise of yourself  ');
INSERT INTO phrases (id, song_id, member_id, start_time, end_time, lyrics) VALUES (330, 81, 4, '2:42', '3:07', '  To my detriment  To my detriment (I forge ahead unscarred) To my detriment (I forge ahead unscarred) To my detriment  ');
INSERT INTO phrases (id, song_id, member_id, start_time, end_time, lyrics) VALUES (331, 81, 1, '2:42', '3:07', '  To my detriment  To my detriment (I forge ahead unscarred) To my detriment (I forge ahead unscarred) To my detriment  ');
INSERT INTO phrases (id, song_id, member_id, start_time, end_time, lyrics) VALUES (332, 81, 4, '4:24', '4:50', '  To my detriment (I forge ahead unscarred) To my detriment (I forge ahead unscarred) To my detriment (I forge ahead unscarred) To my detriment ');
INSERT INTO phrases (id, song_id, member_id, start_time, end_time, lyrics) VALUES (333, 81, 1, '4:24', '4:50', '  To my detriment (I forge ahead unscarred) To my detriment (I forge ahead unscarred) To my detriment (I forge ahead unscarred) To my detriment ');
INSERT INTO phrases (id, song_id, member_id, start_time, end_time, lyrics) VALUES (334, 82, 1, '0:33', '1:02', ' Within a bruised heart I''ll just say when  Just one time before  It will come again  Little voice inside  Inside my head  Tell me when it''s time to turn around again  ');
INSERT INTO phrases (id, song_id, member_id, start_time, end_time, lyrics) VALUES (335, 82, 4, '1:02', '1:07', ' All appears to fade away  ');
INSERT INTO phrases (id, song_id, member_id, start_time, end_time, lyrics) VALUES (336, 82, 1, '1:08', '1:36', '  I can see your face  And I feel the pain  And I feel the shame that I have let you down again  People everywhere  Not a drop to drink  Not a dare to think about the damage I have done  ');
INSERT INTO phrases (id, song_id, member_id, start_time, end_time, lyrics) VALUES (337, 82, 1, '1:37', '2:06', ' Try to give up what weighs  What weighs you down  The only control you have  Is all your own  Do I fit the pieces  Together again  Or do I leave them lying on the floor? ');
INSERT INTO phrases (id, song_id, member_id, start_time, end_time, lyrics) VALUES (338, 82, 4, '2:06', '2:10', '  All appears to fade away  ');
INSERT INTO phrases (id, song_id, member_id, start_time, end_time, lyrics) VALUES (339, 82, 1, '2:11', '2:41', '  I can see your face  And I feel the pain  And I feel the shame that I have let you down again  People everywhere  Not a drop to drink  Not a dare to think about the damage I have done  ');
INSERT INTO phrases (id, song_id, member_id, start_time, end_time, lyrics) VALUES (340, 82, 4, '2:42', '3:14', '  Leaving you behind  Is the hardest thing  I''ve done  Asking where did I go wrong? I wonder what all of this makes  Does fortune favor the bold? I only know that leaving you  Was the hardest thing  To cut and run  ');
INSERT INTO phrases (id, song_id, member_id, start_time, end_time, lyrics) VALUES (341, 82, 1, '2:42', '3:14', '  Leaving you behind  Is the hardest thing  I''ve done  Asking where did I go wrong? I wonder what all of this makes  Does fortune favor the bold? I only know that leaving you  Was the hardest thing  To cut and run  ');
INSERT INTO phrases (id, song_id, member_id, start_time, end_time, lyrics) VALUES (342, 82, 1, '4:26', '4:54', '  I can see your face  And I feel the pain And I feel the shame that I have let you down again  People everywhere  Not a drop to drink  Not a dare to think about the damage I have done ');
INSERT INTO phrases (id, song_id, member_id, start_time, end_time, lyrics) VALUES (343, 80, 2, '0:33', '1:06', ' I''m out of my mind  Pictures of past lives  Trapped in a memory  In fragments of time  The way things used to be  Find a better way to get back home  Reaching for something new  That''s just not there anymore ''cause you know that it''s gone  ');
INSERT INTO phrases (id, song_id, member_id, start_time, end_time, lyrics) VALUES (344, 80, 2, '1:29', '2:00', ' You slip away to the distance  Pass a crack of light in the floor  I hear the sound of mischief  As the promising light shines some more  I paid you in fool''s gold, and I don''t owe you anymore  And I deserve nothing I find like a mountain of pain on the floor  ');
INSERT INTO phrases (id, song_id, member_id, start_time, end_time, lyrics) VALUES (345, 80, 1, '2:25', '2:52', ' Losing ground  Taken by a prophecy  Siren sounds  Calling for your sanctity  Wipe away  The blood from your face  ');
INSERT INTO phrases (id, song_id, member_id, start_time, end_time, lyrics) VALUES (346, 80, 4, '2:56', '3:11', ' All I see is our demise  Headed for the blackened skies  And I need more time  ');
INSERT INTO phrases (id, song_id, member_id, start_time, end_time, lyrics) VALUES (347, 80, 1, '3:14', '4:04', ' I still hear  The beast is breathing  Should I fall  Upon my sword? Make sure they know  That I fought for them  Make sure they know  They know I tried  I scraped and clawed  I gave my all  ');
INSERT INTO phrases (id, song_id, member_id, start_time, end_time, lyrics) VALUES (348, 80, 2, '4:36', '5:22', ' Stars in the distance  Oh, how they tell a story of my life  And tell us to beware  Repeating the past  Nature is nocturnal and that is that  I spend my days underground covered in ash and smothered in dirt  And you know how it hurts this little clown  Pay no attention to the sound of the beast ''Cause you know it can''t hurt you when you''re with me ');
INSERT INTO phrases (id, song_id, member_id, start_time, end_time, lyrics) VALUES (349, 77, 4, '0:40', '1:14', '  Another sinking stone  Finds its way down below  Resurface when only light will ever show  And while I progress slow  I''m soon to surpass you  Entitled to all possessions I have adored  I feel pressure  I feel the pressure  ');
INSERT INTO phrases (id, song_id, member_id, start_time, end_time, lyrics) VALUES (350, 77, 4, '1:18', '1:53', '  And all the faded bones  Piling up high and low  Returning to life once you can stand alone  Don''t get too close this time  The depths of love haunt you  It''s dark inside where all my demons hide  I feel pressure  I feel the pressure  ');
INSERT INTO phrases (id, song_id, member_id, start_time, end_time, lyrics) VALUES (351, 77, 4, '3:10', '3:58', '  Waiting with patience of eons  Your presence fades into a memory  Underneath a cloud of silence, you journey into the rift  Will time defy the weight of you leaving us? ');
INSERT INTO phrases (id, song_id, member_id, start_time, end_time, lyrics) VALUES (352, 77, 4, '4:29', '4:50', '  I feel pressure  I feel the pressure  Hold aggression  Hold aggression ');
INSERT INTO phrases (id, song_id, member_id, start_time, end_time, lyrics) VALUES (353, 19, 2, '0:46', '0:59', ' An invitation to clairvoyance It''s hard to stand around and watch while they ignore us She is dumped on Used as an ashtray At the expense of an organized association ');
INSERT INTO phrases (id, song_id, member_id, start_time, end_time, lyrics) VALUES (354, 19, 7, '1:00', '1:04', ' I see the stones in the path we laid ');
INSERT INTO phrases (id, song_id, member_id, start_time, end_time, lyrics) VALUES (355, 19, 2, '1:04', '1:11', ' It''s a question of tomorrow We like to breathe the ancient wind that we have followed ');
INSERT INTO phrases (id, song_id, member_id, start_time, end_time, lyrics) VALUES (356, 19, 7, '1:14', '1:18', ' A perfect fire to burn the land ');
INSERT INTO phrases (id, song_id, member_id, start_time, end_time, lyrics) VALUES (357, 19, 2, '1:18', '1:26', ' Before they knew it The sun had fallen Boiling the water where the hydra''s crawling ');
INSERT INTO phrases (id, song_id, member_id, start_time, end_time, lyrics) VALUES (358, 19, 7, '1:26', '1:34', ' The righteous go in blazing fury ');
INSERT INTO phrases (id, song_id, member_id, start_time, end_time, lyrics) VALUES (359, 19, 7, '1:42', '1:48', ' And we cleanse the earth to bring it down ');
INSERT INTO phrases (id, song_id, member_id, start_time, end_time, lyrics) VALUES (360, 19, 16, '1:54', '1:56', ' Bring it down ');
INSERT INTO phrases (id, song_id, member_id, start_time, end_time, lyrics) VALUES (361, 19, 7, '2:12', '2:48', ' And God will watch it burn Releasing souls Within the wrath we wait To be dirt again ');
INSERT INTO phrases (id, song_id, member_id, start_time, end_time, lyrics) VALUES (362, 19, 7, '3:23', '3:46', ' There is a flame I lit I upon high ');
INSERT INTO phrases (id, song_id, member_id, start_time, end_time, lyrics) VALUES (363, 12, 4, '0:15', '0:35', ' I think that someone is trying to kill me Infecting my blood and destroying my mind No man of the flesh could ever stop me The fight for this fish is a fight to the death ');
INSERT INTO phrases (id, song_id, member_id, start_time, end_time, lyrics) VALUES (364, 12, 4, '0:35', '0:38', ' White whale - holy grail ');
INSERT INTO phrases (id, song_id, member_id, start_time, end_time, lyrics) VALUES (365, 12, 4, '0:43', '0:47', ' White whale - holy grail ');
INSERT INTO phrases (id, song_id, member_id, start_time, end_time, lyrics) VALUES (366, 12, 4, '0:55', '1:12', ' What remorseless emperor commands me I no longer govern my soul I am completely immersed in darkness As I turn my body away from the sun ');
INSERT INTO phrases (id, song_id, member_id, start_time, end_time, lyrics) VALUES (367, 12, 4, '1:12', '1:18', ' White whale - holy grail ');
INSERT INTO phrases (id, song_id, member_id, start_time, end_time, lyrics) VALUES (368, 12, 4, '1:23', '1:28', ' White whale - holy grail ');
INSERT INTO phrases (id, song_id, member_id, start_time, end_time, lyrics) VALUES (369, 12, 4, '2:16', '2:56', ' Split your lungs with blood and thunder When you see the white whale Break your backs and crack your oars men If you wish to prevail This ivory leg is what propels me Harpoons thrust in the sky Aim directly for his crooked brow And look him straight in the eye ');
INSERT INTO phrases (id, song_id, member_id, start_time, end_time, lyrics) VALUES (370, 12, 4, '2:57', '3:02', ' White whale - holy grail ');
INSERT INTO phrases (id, song_id, member_id, start_time, end_time, lyrics) VALUES (371, 12, 4, '3:07', '3:12', ' White whale - holy grail ');
INSERT INTO phrases (id, song_id, member_id, start_time, end_time, lyrics) VALUES (372, 20, 4, '2:57', '3:08', ' Taken down with hearts alive Our hearts alive ');
INSERT INTO phrases (id, song_id, member_id, start_time, end_time, lyrics) VALUES (373, 20, 4, '3:26', '3:44', ' Lurking dark underground Descend to the bottom Swim below eternally Into the deep blue sea ');
INSERT INTO phrases (id, song_id, member_id, start_time, end_time, lyrics) VALUES (374, 20, 4, '4:00', '4:18', ' Time and space All alone It can be a lonely place There it goes Opening up I can''t stand I can''t breathe ');
INSERT INTO phrases (id, song_id, member_id, start_time, end_time, lyrics) VALUES (375, 20, 4, '4:48', '5:00', ' Rolled fin out Oil stripped Hold is filled ');
INSERT INTO phrases (id, song_id, member_id, start_time, end_time, lyrics) VALUES (376, 20, 4, '5:17', '5:37', ' Ocean coil Water boils He swims to the surface Flame from mouth Smoke he breathes Enter the caverns of the deep ');
INSERT INTO phrases (id, song_id, member_id, start_time, end_time, lyrics) VALUES (377, 20, 4, '5:52', '6:10', ' Time and space All alone It can be a lonely place There it goes Opening up I can''t stand I can''t breathe ');
INSERT INTO phrases (id, song_id, member_id, start_time, end_time, lyrics) VALUES (378, 20, 4, '6:38', '6:59', ' Terrified Ghastly cry Spiraled lives Taken down Taken down ');
INSERT INTO phrases (id, song_id, member_id, start_time, end_time, lyrics) VALUES (379, 20, 4, '8:30', '8:51', ' The iron side Bucket of lead Battle is she Not for defeat ');
INSERT INTO phrases (id, song_id, member_id, start_time, end_time, lyrics) VALUES (380, 20, 4, '9:33', '9:46', ' The iron side Bucket of lead Battle is she ');
INSERT INTO phrases (id, song_id, member_id, start_time, end_time, lyrics) VALUES (381, 13, 4, '0:37', '1:11', ' There''s magic in the water that attracts all men Across hills and down streams The turning of the tide ');
INSERT INTO phrases (id, song_id, member_id, start_time, end_time, lyrics) VALUES (382, 13, 4, '1:37', '1:53', ' Outlook Future bright Selfish Beauty shines ');
INSERT INTO phrases (id, song_id, member_id, start_time, end_time, lyrics) VALUES (383, 13, 4, '1:53', '1:55', ' Light cloud rain drive on ');
INSERT INTO phrases (id, song_id, member_id, start_time, end_time, lyrics) VALUES (384, 13, 4, '2:17', '2:35', ' 13 years to this day red planet aligned Into sight 60,000 years of light Fascination with a mountain put to sea Built to slay and conquer All with teeth of beasts ');
INSERT INTO phrases (id, song_id, member_id, start_time, end_time, lyrics) VALUES (385, 16, 4, '0:19', '0:33', ' Straight line Feel it burst liver and lung Long and strong ''Til she spills her black blood ');
INSERT INTO phrases (id, song_id, member_id, start_time, end_time, lyrics) VALUES (386, 16, 4, '0:55', '1:10', ' Center down Vast the head body and tail Shatter life Physeter catodon ');
INSERT INTO phrases (id, song_id, member_id, start_time, end_time, lyrics) VALUES (387, 16, 4, '1:18', '1:31', ' Culture vulture Elephant graveyard ');
INSERT INTO phrases (id, song_id, member_id, start_time, end_time, lyrics) VALUES (388, 16, 2, '1:18', '1:31', ' Culture vulture Elephant graveyard ');
INSERT INTO phrases (id, song_id, member_id, start_time, end_time, lyrics) VALUES (389, 16, 4, '2:02', '2:06', ' Culture vulture ');
INSERT INTO phrases (id, song_id, member_id, start_time, end_time, lyrics) VALUES (390, 16, 2, '2:02', '2:06', ' Culture vulture ');
INSERT INTO phrases (id, song_id, member_id, start_time, end_time, lyrics) VALUES (391, 16, 4, '2:14', '2:33', ' Engage monster Wreaking vengeance Assault with all martial rage ');
INSERT INTO phrases (id, song_id, member_id, start_time, end_time, lyrics) VALUES (392, 16, 2, '2:14', '2:33', ' Engage monster Wreaking vengeance Assault with all martial rage ');
INSERT INTO phrases (id, song_id, member_id, start_time, end_time, lyrics) VALUES (393, 16, 4, '3:01', '3:03', ' Sail on ');
INSERT INTO phrases (id, song_id, member_id, start_time, end_time, lyrics) VALUES (394, 16, 2, '3:01', '3:03', ' Sail on ');
INSERT INTO phrases (id, song_id, member_id, start_time, end_time, lyrics) VALUES (395, 15, 2, '0:06', '0:22', ' Given decision to live Not taken The flight towards the light I''ll stay in the lava for life Erupting when gods take us all Changing the peaks makes us pour From the mountain and burn The path of our time ');
INSERT INTO phrases (id, song_id, member_id, start_time, end_time, lyrics) VALUES (396, 15, 4, '0:22', '0:46', ' Hail people of Iceland Journey of a land anew Ram as our liaison Vision inspire and move Awe holy island Breed the lagoon to run free Raw beauty is ruthless within the golden ring ');
INSERT INTO phrases (id, song_id, member_id, start_time, end_time, lyrics) VALUES (397, 15, 4, '0:58', '1:09', ' Precision of Grungir Spear of the Norse God Odin Praise our Pagan Father Founder of the Althing ');
INSERT INTO phrases (id, song_id, member_id, start_time, end_time, lyrics) VALUES (398, 15, 2, '1:27', '1:43', ' Given decision to live Not taken The flight towards the light I''ll stay in the lava for life Erupting when gods take us all Changing the peaks makes us pour From the mountain and burn The path of our time ');
INSERT INTO phrases (id, song_id, member_id, start_time, end_time, lyrics) VALUES (399, 15, 4, '1:43', '1:56', ' Ruler of sky''s thunder The honourable warrior All divination Beward the Hammer of Thor ');
INSERT INTO phrases (id, song_id, member_id, start_time, end_time, lyrics) VALUES (400, 15, 4, '2:54', '3:09', ' Lava goddess Ice and fire Settling down Ocean Geysir Gullfoss Heimaey ''73 ');
INSERT INTO phrases (id, song_id, member_id, start_time, end_time, lyrics) VALUES (401, 17, 4, '0:49', '1:21', ' Myth or legend Nymph tale washed ashore Near the kraken sleepeth stirs coral and bone Infinite city No sexy sneer Hideous creation Human and animal Banter songs of rudeness to be adhered Not on rocks that glisten Harps to listen Comb hair Tear right to pieces Left to recess a watery grave ');
INSERT INTO phrases (id, song_id, member_id, start_time, end_time, lyrics) VALUES (402, 17, 4, '1:54', '1:57', ' Sensing the blood of prey ');
INSERT INTO phrases (id, song_id, member_id, start_time, end_time, lyrics) VALUES (403, 17, 4, '2:23', '2:48', ' Swimming in fear for life Rolling over Falling into jaws Teeth that chatter It distracts them all The Fiji mermaid She will let it know Time is coming to feed and knaw ');
INSERT INTO phrases (id, song_id, member_id, start_time, end_time, lyrics) VALUES (404, 17, 4, '3:22', '3:40', ' Rolling over Falling into jaws Teeth that chatter It distracts them all The Fiji mermaid She will let it know Time is coming to feed and knaw ');
INSERT INTO phrases (id, song_id, member_id, start_time, end_time, lyrics) VALUES (405, 18, 2, '0:19', '0:39', ' Angels dancing with a mortal a sin A giant born within a woman''s womb Nephilim walking through the forest breaking limbs As we bow and give respect to the gods ');
INSERT INTO phrases (id, song_id, member_id, start_time, end_time, lyrics) VALUES (406, 18, 2, '0:58', '1:17', ' Save yourself Don''t wait on me ');
INSERT INTO phrases (id, song_id, member_id, start_time, end_time, lyrics) VALUES (407, 18, 4, '1:33', '1:37', ' My feet are sewn Endless bottom ');
INSERT INTO phrases (id, song_id, member_id, start_time, end_time, lyrics) VALUES (408, 18, 2, '1:55', '2:47', ' The church is burning from the inside out Altars falling into ashes again An eagle fly upon horizons with sight Focusing on all our family and friends Apologize Can we rise above it Climb the line It''s a good endeavor The ships arrived Let''s sail into the weather Our crying eyes Save yourself Don''t wait on me ');
INSERT INTO phrases (id, song_id, member_id, start_time, end_time, lyrics) VALUES (409, 18, 4, '3:07', '3:10', ' My feet are sewn Endless bottom ');
INSERT INTO phrases (id, song_id, member_id, start_time, end_time, lyrics) VALUES (410, 14, 2, '0:36', '1:02', ' If I stand around and watch them drown in a pool of gray When we dive in I can surely say there''s feud with force Am I in your way? Please knock me down. Can I help you in? When I''m not around let us all be found in certain ways ');
INSERT INTO phrases (id, song_id, member_id, start_time, end_time, lyrics) VALUES (411, 14, 2, '1:25', '1:51', ' Dear Mr. Queequeg you have been informed your life''s been saved You are not a black-hearted vicious mess so it has been claimed If this is the beast pulling us towards the east with mighty waves Let us look inside and pull out all your pride you know it''s up to us ');
INSERT INTO phrases (id, song_id, member_id, start_time, end_time, lyrics) VALUES (412, 14, 4, '2:02', '2:22', ' Holding pasts in ash black earth Bound by roots Roots into sand Grow towards the giver ');
INSERT INTO phrases (id, song_id, member_id, start_time, end_time, lyrics) VALUES (413, 14, 2, '2:22', '2:50', ' There''s an open wound placed upon my heart in anger''s rage If we open up a spirit, a spirit that can bleed Ahab the leading lad we can trust his obsession carries them Meet us at the temple healing all the crippled Don''t forget the maimed ');
INSERT INTO phrases (id, song_id, member_id, start_time, end_time, lyrics) VALUES (414, 14, 4, '2:50', '3:10', ' Lower soul sent with gifts offering Teeth of hope travel with Child laid next to mother ');
INSERT INTO phrases (id, song_id, member_id, start_time, end_time, lyrics) VALUES (415, 59, 1, '0:31', '1:52', ' The moment you walked in the room my friend  The demons, they all went away  Be careful they''re only asleep for a while  Pretending there''s nothing to say  Throw salt in all the corners here  Make sure you watch him leave  Build up the walls around this house  And dig out the rot in the floor  Block out the entrance with brick and stone  And mortar that''s made from coal  Crawl into this hole I''ve made  Transform these feelings of fear  ');
INSERT INTO phrases (id, song_id, member_id, start_time, end_time, lyrics) VALUES (416, 59, 2, '1:54', '2:09', ' I''m on fire  Say you''ll remember her voice  And I can''t get you out of my mind  I''m on fire  Say you''ll remember her voice  And I can''t get you out of my mind  ');
INSERT INTO phrases (id, song_id, member_id, start_time, end_time, lyrics) VALUES (417, 59, 1, '1:54', '2:09', ' I''m on fire  Say you''ll remember her voice  And I can''t get you out of my mind  I''m on fire  Say you''ll remember her voice  And I can''t get you out of my mind  ');
INSERT INTO phrases (id, song_id, member_id, start_time, end_time, lyrics) VALUES (418, 59, 4, '1:54', '2:09', ' I''m on fire  Say you''ll remember her voice  And I can''t get you out of my mind  I''m on fire  Say you''ll remember her voice  And I can''t get you out of my mind  ');
INSERT INTO phrases (id, song_id, member_id, start_time, end_time, lyrics) VALUES (419, 59, 4, '2:12', '2:36', ' Loose lips have fallen on deaf ears  Loose lips have fallen on blind eyes  ');
INSERT INTO phrases (id, song_id, member_id, start_time, end_time, lyrics) VALUES (420, 59, 1, '2:12', '2:36', ' Loose lips have fallen on deaf ears  Loose lips have fallen on blind eyes  ');
INSERT INTO phrases (id, song_id, member_id, start_time, end_time, lyrics) VALUES (421, 59, 1, '3:07', '3:46', ' An ocean of sorrow surrounds this home  I hope that we make it to shore  As time chips away at the fortress walls  Its seems that we weathered the storm The sun begins to show itself  Revealing victory  ');
INSERT INTO phrases (id, song_id, member_id, start_time, end_time, lyrics) VALUES (422, 59, 1, '3:48', '4:18', ' I''m on fire  Say you''ll remember her voice  And I can''t get you out of my mind  I''m on fire  Say you''ll remember her voice  And I can''t get you out of my mind  I''m on fire  Say you''ll remember her voice  And I can''t get you out of my mind  I''m on fire  Say you''ll remember her voice  And I can''t get you out of my mind  ');
INSERT INTO phrases (id, song_id, member_id, start_time, end_time, lyrics) VALUES (423, 59, 2, '3:48', '4:18', ' I''m on fire  Say you''ll remember her voice  And I can''t get you out of my mind  I''m on fire  Say you''ll remember her voice  And I can''t get you out of my mind  I''m on fire  Say you''ll remember her voice  And I can''t get you out of my mind  I''m on fire  Say you''ll remember her voice  And I can''t get you out of my mind  ');
INSERT INTO phrases (id, song_id, member_id, start_time, end_time, lyrics) VALUES (424, 59, 4, '3:48', '4:18', ' I''m on fire  Say you''ll remember her voice  And I can''t get you out of my mind  I''m on fire  Say you''ll remember her voice  And I can''t get you out of my mind  I''m on fire  Say you''ll remember her voice  And I can''t get you out of my mind  I''m on fire  Say you''ll remember her voice  And I can''t get you out of my mind  ');
INSERT INTO phrases (id, song_id, member_id, start_time, end_time, lyrics) VALUES (425, 59, 1, '4:20', '4:44', ' Loose lips have fallen on deaf ears  Loose lips have fallen on blind eyes  ');
INSERT INTO phrases (id, song_id, member_id, start_time, end_time, lyrics) VALUES (426, 59, 4, '5:35', '6:07', ' I''m on fire  Say you''ll remember her voice  And I can''t get you out of my mind  I''m on fire  Say you''ll remember her voice  And I can''t get you out of my mind  I''m on fire  Say you''ll remember her voice  And I can''t get you out of my mind  I''m on fire  Say you''ll remember her voice  And I can''t get you out of my mind ');
INSERT INTO phrases (id, song_id, member_id, start_time, end_time, lyrics) VALUES (427, 59, 2, '5:35', '6:07', ' I''m on fire  Say you''ll remember her voice  And I can''t get you out of my mind  I''m on fire  Say you''ll remember her voice  And I can''t get you out of my mind  I''m on fire  Say you''ll remember her voice  And I can''t get you out of my mind  I''m on fire  Say you''ll remember her voice  And I can''t get you out of my mind ');
INSERT INTO phrases (id, song_id, member_id, start_time, end_time, lyrics) VALUES (428, 59, 1, '5:35', '6:07', ' I''m on fire  Say you''ll remember her voice  And I can''t get you out of my mind  I''m on fire  Say you''ll remember her voice  And I can''t get you out of my mind  I''m on fire  Say you''ll remember her voice  And I can''t get you out of my mind  I''m on fire  Say you''ll remember her voice  And I can''t get you out of my mind ');
INSERT INTO phrases (id, song_id, member_id, start_time, end_time, lyrics) VALUES (429, 61, 1, '0:20', '1:16', '  I don''t see the fearsome fright  All I see is beauty shine  Not much time to say goodnight  I can hear you scream in the sky  Nephew do you feel all right  Always up in overdrive  They would try to smother you  Never let your feelings through  Where you go, you wonder if you live out loud Where you go, you wonder if you live out loud  Where you go, you wonder if you live out loud  ');
INSERT INTO phrases (id, song_id, member_id, start_time, end_time, lyrics) VALUES (430, 61, 2, '1:18', '1:49', '  I''m sniffing your garden  I''m sniffing your rose  She''s stuck in the middle  You know how it goes  They''re crawling across now  They''ll give him some blow  We''ll do him a favor  We''ll give him some gold  ');
INSERT INTO phrases (id, song_id, member_id, start_time, end_time, lyrics) VALUES (431, 61, 1, '1:54', '2:52', '  I remember your eyes came out  I can see you run and shout  Don''t know where to place the blame  You knew how to hide your pain  We just want to see you alive  Taught me how to speak my mind  Release you in atmosphere  It was just too small in here  Where you go, you wonder if you live out loud  Where you go, you wonder if you live out loud  Where you go, you wonder if you live out loud  ');
INSERT INTO phrases (id, song_id, member_id, start_time, end_time, lyrics) VALUES (432, 61, 2, '3:02', '3:28', '  Live out loud now  We don''t live in silence when we live out loud now  We live on the journey  You go with them  ');
INSERT INTO phrases (id, song_id, member_id, start_time, end_time, lyrics) VALUES (433, 61, 16, '3:28', '4:02', '  Hey! Ho!  Let''s fucking go  Hey! Ho!  Let''s get up and rock n'' roll Hey! Ho!  Let''s fucking go  Hey! Ho!  Let''s get up and rock n'' roll Hey! Ho!  Let''s fucking go  Hey! Ho!  Let''s get up and rock n'' roll ');
INSERT INTO phrases (id, song_id, member_id, start_time, end_time, lyrics) VALUES (434, 58, 4, '0:47', '1:33', ' I saw the mountain crumble down  I saw colossus in flames  I heard the ocean draining  Nothing that I could ever tame  Off with my head, come down the line  I have the right to decide  I''ll bring this light, as is the sky  Altered minds they criticize  ');
INSERT INTO phrases (id, song_id, member_id, start_time, end_time, lyrics) VALUES (435, 58, 4, '1:48', '2:20', ' Unrest within your flesh  How can we stop this pollution? Altering trouble, you cannot fix  Envy of others never makes me rich  All my heroes, they''re all dead  As I remain here inside my  ');
INSERT INTO phrases (id, song_id, member_id, start_time, end_time, lyrics) VALUES (436, 58, 2, '2:21', '2:44', ' We have heard the chimes at midnight  Into the void I go  Will I ever see your face again? Or will black be all I know? ');
INSERT INTO phrases (id, song_id, member_id, start_time, end_time, lyrics) VALUES (437, 58, 4, '2:59', '4:01', ' Arriving inside  Our hearts alive  And the darkness here is grim  But it found us, surrounded  Lead me deep into the canyon  You put your guidance in the wrong hands  Feet ungrounded, giving your best  Now take your gold into silence  You take a stand, bracing yourself  For this cold is never ending  ');
INSERT INTO phrases (id, song_id, member_id, start_time, end_time, lyrics) VALUES (438, 58, 2, '4:01', '4:24', ' We have heard the chimes at midnight  Into the void I go  Will I ever see your face again? Or will black be all I know? ');
INSERT INTO phrases (id, song_id, member_id, start_time, end_time, lyrics) VALUES (439, 58, 4, '4:38', '4:52', ' Arriving inside  Ire hurst a life! ');
INSERT INTO phrases (id, song_id, member_id, start_time, end_time, lyrics) VALUES (440, 64, 4, '0:45', '1:02', ' Wide is the line  Separates the rivers from the dirt  All the while I wonder who''s the one ');
INSERT INTO phrases (id, song_id, member_id, start_time, end_time, lyrics) VALUES (441, 64, 7, '1:04', '1:25', ' Within the one and only eye  Within the one and only eye  Within the one and only eye  Within the one and only eye ');
INSERT INTO phrases (id, song_id, member_id, start_time, end_time, lyrics) VALUES (442, 64, 4, '1:26', '1:45', ' Can you see there''s a child  Standing idle by us in this mess  Who am I to cause this emptiness ');
INSERT INTO phrases (id, song_id, member_id, start_time, end_time, lyrics) VALUES (443, 64, 7, '1:52', '2:23', ' Willing the sea  To cleanse my soul of all I''ve been  To bring me free to this clarity  Clarity ');
INSERT INTO phrases (id, song_id, member_id, start_time, end_time, lyrics) VALUES (444, 64, 4, '2:36', '2:54', ' Trouble rolls in  As the tides, they twist and make the turn  Pain subsides and sweeps across the earth again ');
INSERT INTO phrases (id, song_id, member_id, start_time, end_time, lyrics) VALUES (445, 64, 7, '3:01', '3:33', ' Willing the sea  To cleanse my soul of all that I''ve been  To bring me free to this clarity  Clarity  ');
INSERT INTO phrases (id, song_id, member_id, start_time, end_time, lyrics) VALUES (446, 64, 7, '3:45', '4:06', ' Within the one and only eye  Within the one and only eye  Within the one and only eye  Within the one and only eye  ');
INSERT INTO phrases (id, song_id, member_id, start_time, end_time, lyrics) VALUES (447, 64, 7, '4:26', '5:06', ' I''m standing deep in these waters  Bleeding free and bent to drag us onto new visions  Only loss fills my void  Only loss fills my void  Only loss fills my void  ');
INSERT INTO phrases (id, song_id, member_id, start_time, end_time, lyrics) VALUES (448, 64, 7, '5:53', '7:29', ' Only the void connects me  With these mountains of dust, blood and soil  The stones born in the flames of truth  Demand a sacrifice  A sacrifice  A sacrifice  Don''t just bleed us and leave us to ourselves  We will return so deeply harmed, and we will shatter you And we will shatter you And we will shatter you ');
INSERT INTO phrases (id, song_id, member_id, start_time, end_time, lyrics) VALUES (449, 62, 4, '0:30', '0:55', '  You walk with boundless grace  Think old thoughts from yesterday  All being lost in the fire  You wandered and lost the way  Someone''s always left behind  When the door of life closes  ');
INSERT INTO phrases (id, song_id, member_id, start_time, end_time, lyrics) VALUES (450, 62, 1, '0:58', '1:23', '  And you were slipping away  What do I say to you  What do I say to you  And if I want you to stay  What do I say to you? What do I say to you? ');
INSERT INTO phrases (id, song_id, member_id, start_time, end_time, lyrics) VALUES (451, 62, 4, '1:38', '2:05', '  This moment I take for you  Think of all we didn''t do  All seeking answers from this  Hope to come out alive  Standing still my hands are tied  Our eyes open up to the sky  ');
INSERT INTO phrases (id, song_id, member_id, start_time, end_time, lyrics) VALUES (452, 62, 1, '2:07', '2:32', '  And you were slipping away  What do I say to you  What do I say to you  And if I want you to stay  What do I say to you? What do I say to you? ');
INSERT INTO phrases (id, song_id, member_id, start_time, end_time, lyrics) VALUES (453, 62, 1, '3:45', '4:11', '  And you were slipping away  What do I say to you  What do I say to you  And if I want you to stay  What do I say to you? What do I say to you? ');
INSERT INTO phrases (id, song_id, member_id, start_time, end_time, lyrics) VALUES (454, 60, 4, '0:22', '0:40', ' You call for reasons  It turns me inside out  There''s no direction  No ebb and flow  You call them rejects  They''re all I have  The mills of life  They will grind you down  ');
INSERT INTO phrases (id, song_id, member_id, start_time, end_time, lyrics) VALUES (455, 60, 4, '0:41', '0:53', ' See the red  All I know is  See the red  Watch it flowing  ');
INSERT INTO phrases (id, song_id, member_id, start_time, end_time, lyrics) VALUES (456, 60, 1, '0:41', '0:53', ' See the red  All I know is  See the red  Watch it flowing  ');
INSERT INTO phrases (id, song_id, member_id, start_time, end_time, lyrics) VALUES (457, 60, 4, '0:54', '1:14', ' I see a vision  Chew it with my teeth  Believe the dying  And minds that read  A change in season  Your mind crawls black  Turning neurotic  A self attack  ');
INSERT INTO phrases (id, song_id, member_id, start_time, end_time, lyrics) VALUES (458, 60, 1, '1:14', '1:28', ' See the red  All I know is  See the red  Watch it flow  ');
INSERT INTO phrases (id, song_id, member_id, start_time, end_time, lyrics) VALUES (459, 60, 4, '1:14', '1:28', ' See the red  All I know is  See the red  Watch it flow  ');
INSERT INTO phrases (id, song_id, member_id, start_time, end_time, lyrics) VALUES (460, 60, 4, '1:49', '2:08', ' The beast is vicious  Turns your pale face green  And keep the search on for mystery  You told a secret  Confide into the trees  Thinking you know a man''s history  ');
INSERT INTO phrases (id, song_id, member_id, start_time, end_time, lyrics) VALUES (461, 60, 4, '2:09', '2:22', ' See the red  All I know is  See the red  Watch it flowing  ');
INSERT INTO phrases (id, song_id, member_id, start_time, end_time, lyrics) VALUES (462, 60, 1, '2:09', '2:22', ' See the red  All I know is  See the red  Watch it flowing  ');
INSERT INTO phrases (id, song_id, member_id, start_time, end_time, lyrics) VALUES (463, 60, 4, '3:02', '3:20', ' Fall into pieces  I swear we''re done  You stick with me and prevail as one  Fall into pieces  I swear we''re done  You stick with me and prevail as one ');
INSERT INTO phrases (id, song_id, member_id, start_time, end_time, lyrics) VALUES (464, 63, 2, '0:18', '0:40', '  Orange and black take me back to halloween  I''ve given to the blind can''t you see? Gasoline runs through my veins, so don''t you mess with me  I couldn''t tame that beast with a handful of meat  ');
INSERT INTO phrases (id, song_id, member_id, start_time, end_time, lyrics) VALUES (465, 63, 2, '0:59', '1:19', '  Just wait ''till that robe falls at my feet  Cold and dilated like my memories  Strange voices in my head, who could they be  It''s the master of disguise and he''s breaking me  ');
INSERT INTO phrases (id, song_id, member_id, start_time, end_time, lyrics) VALUES (466, 63, 1, '1:22', '1:44', '  You will find spirits never rise  Without warning  Feel your fate as you come alive  They''re here to take you home  ');
INSERT INTO phrases (id, song_id, member_id, start_time, end_time, lyrics) VALUES (467, 63, 2, '1:59', '2:20', '  Crashing through the walls  You''re the one  I want to see  Bent all up on a moon-soaked night  Death is riding with me  Dripping blood with hell froze at my feet  Use a razor blade to cut some lines  Because now I''m going to speed  ');
INSERT INTO phrases (id, song_id, member_id, start_time, end_time, lyrics) VALUES (468, 63, 1, '2:24', '2:45', '  You will find spirits never rise  Without warning  Feel your fate as you come alive  They''re here to take you ');
INSERT INTO phrases (id, song_id, member_id, start_time, end_time, lyrics) VALUES (469, 56, 4, '0:42', '1:23', '  You let the wind take us down  You let the storm come and wipe us out  I saw the fog snuff you out  I saw the ocean come take you under  I have my boots stuck in your mouth  I''ll have you screaming for your last breath, yeah  I''ll shove them both deep inside  Patiently waiting for deep devour  ');
INSERT INTO phrases (id, song_id, member_id, start_time, end_time, lyrics) VALUES (470, 56, 1, '1:24', '1:42', '  You take the high road down  I''ll take the ground below you  You take the high road down  I''ll take the ground below  ');
INSERT INTO phrases (id, song_id, member_id, start_time, end_time, lyrics) VALUES (471, 56, 4, '1:54', '2:11', '  You are the one who nobody likes  You are the plague that was brought here by rats  I''d like to hunt you, that''s fact  Watching you fade out and never go back  ');
INSERT INTO phrases (id, song_id, member_id, start_time, end_time, lyrics) VALUES (472, 56, 1, '2:13', '2:32', '  You take the high road down  I''ll take the ground below you  You take the high road down  I''ll take the ground below  ');
INSERT INTO phrases (id, song_id, member_id, start_time, end_time, lyrics) VALUES (473, 56, 1, '3:33', '3:50', '  You take the high road down  I''ll take the ground below you  You take the high road down  I''ll take the ground below ');
INSERT INTO phrases (id, song_id, member_id, start_time, end_time, lyrics) VALUES (474, 57, 2, '0:12', '0:37', ' I''m a man and that''s who I am  And I''ll tell you that to your face  I''m from the clouds and I shine like the moon  And I''m here to fuck up the place  Make it last, make it count  One more ''round and I''ll see you outside  Heaven knows life can turn on a dime  So lets enjoy our time  ');
INSERT INTO phrases (id, song_id, member_id, start_time, end_time, lyrics) VALUES (475, 57, 4, '0:38', '0:50', ' They have got me hanging upside down, again  Once more ''round the sun we go again  ');
INSERT INTO phrases (id, song_id, member_id, start_time, end_time, lyrics) VALUES (476, 57, 2, '1:04', '1:28', ' What''s the meaning of life that we lead when  We''re caught up in the race  My heart is spinning like a merry-go-round  And I want you to take a ride  I know it''s rough and I know that you are weary  But its nice once you step inside  Roll me over and turn me around and lets make up on time  ');
INSERT INTO phrases (id, song_id, member_id, start_time, end_time, lyrics) VALUES (477, 57, 4, '1:30', '1:46', ' They have got me hanging upside down, again  I just want to melt into the sun again  Once more ''round the sun we go again  ');
INSERT INTO phrases (id, song_id, member_id, start_time, end_time, lyrics) VALUES (478, 57, 4, '2:21', '2:42', '  They have got me hanging upside down again  I just want to melt into the sun again  They have got me hanging upside down again  Once more ''round the sun we go again ');
INSERT INTO phrases (id, song_id, member_id, start_time, end_time, lyrics) VALUES (479, 55, 1, '0:17', '1:09', '  I can see what the world has done to you  I can feel the weight, feel the weight  I can see what this life has handed you  I can feel the weight, feel the weight  This time, this time, things''ll work out just fine  We won''t let you slip away  This time, this time, things''ll work out just fine  We won''t let you leave this way  ');
INSERT INTO phrases (id, song_id, member_id, start_time, end_time, lyrics) VALUES (480, 55, 4, '1:11', '1:23', '  If you want you can will it  You can have it  I can put it right there in your hands  ');
INSERT INTO phrases (id, song_id, member_id, start_time, end_time, lyrics) VALUES (481, 55, 1, '1:36', '2:28', '  I can hear what the spirits are telling you  I can clear the weight, clear the weight  I can see all the wolves as they circle you  I can crush the weight, crush the weight  This time, this time, things''ll work out just fine  We won''t let you slip away  This time, this time, things''ll work out just fine  We won''t let you leave this way  ');
INSERT INTO phrases (id, song_id, member_id, start_time, end_time, lyrics) VALUES (482, 55, 4, '2:30', '2:42', '  If you want you can will it  You can have it  I can put it right there in your hands  ');
INSERT INTO phrases (id, song_id, member_id, start_time, end_time, lyrics) VALUES (483, 55, 1, '4:14', '4:40', '  This time, this time, things''ll work out just fine  We won''t let you slip away  This time, this time, things''ll work out just fine  We won''t let you leave this way  ');
INSERT INTO phrases (id, song_id, member_id, start_time, end_time, lyrics) VALUES (484, 55, 4, '4:41', '4:54', '  If you want you can will it  You can have it  I can put it right there in your hands ');
INSERT INTO phrases (id, song_id, member_id, start_time, end_time, lyrics) VALUES (485, 54, 4, '0:51', '2:39', ' Through the ages, all the weary and the blind  Facing the unknown  Off the venom  Center our lives  Knowing not your own is unwise  And  I will return for more  The light will lead you ashore  Paralyzed by  Paralyzed by  Paralyzed by thorn inside  To the angel  Breathing on me from the right  A guilt you''ll never know  From the devil  Staring from the left hand side  Souls to animal  Recede your eyes  Sulk in disgust  When there is doubt look to the obvious  And  I''ll decide what you will pay  Changing your mind seals our fate  ');
INSERT INTO phrases (id, song_id, member_id, start_time, end_time, lyrics) VALUES (486, 54, 4, '2:44', '2:55', ' Paralyzed by  Paralyzed by  Paralyzed by thorn inside  ');
INSERT INTO phrases (id, song_id, member_id, start_time, end_time, lyrics) VALUES (487, 54, 4, '2:55', '3:25', ' Open your eyes  Take a deep breath and return to life  Wake up and fight  Fight for the love and the burning light  ');
INSERT INTO phrases (id, song_id, member_id, start_time, end_time, lyrics) VALUES (488, 54, 1, '2:55', '3:25', ' Open your eyes  Take a deep breath and return to life  Wake up and fight  Fight for the love and the burning light  ');
INSERT INTO phrases (id, song_id, member_id, start_time, end_time, lyrics) VALUES (489, 54, 4, '4:08', '4:34', ' Open your eyes  Take a deep breath and return to life  Wake up and fight  Fight for the love and the burning light ');
INSERT INTO phrases (id, song_id, member_id, start_time, end_time, lyrics) VALUES (490, 54, 1, '4:08', '4:34', ' Open your eyes  Take a deep breath and return to life  Wake up and fight  Fight for the love and the burning light ');
INSERT INTO phrases (id, song_id, member_id, start_time, end_time, lyrics) VALUES (491, 6, 5, '0:40', '0:52', ' coals under foot burst into flames become the earth''s ashes remain awaiting sand a burning man ');
INSERT INTO phrases (id, song_id, member_id, start_time, end_time, lyrics) VALUES (492, 6, 5, '0:57', '1:10', ' approach the door where i place blame take the first step cleansing my shame awaiting sand a burning man ');
INSERT INTO phrases (id, song_id, member_id, start_time, end_time, lyrics) VALUES (493, 6, 5, '1:47', '2:00', ' coals under foot burst into flames become the earth''s ashes remain awaiting sand a burning man ');
INSERT INTO phrases (id, song_id, member_id, start_time, end_time, lyrics) VALUES (494, 6, 5, '2:05', '2:17', ' approach the door where i place blame take the first step cleansing my shame awaiting sand a burning man ');
INSERT INTO phrases (id, song_id, member_id, start_time, end_time, lyrics) VALUES (495, 1, 5, '0:34', '0:46', ' lesson the honoring instinct of animal pressure no blame on the red bull throw fury at him ');
INSERT INTO phrases (id, song_id, member_id, start_time, end_time, lyrics) VALUES (496, 1, 5, '0:52', '1:15', ' aim gorge and win less contenders on the way today let them pay nothing lost nothing gained listen ');
INSERT INTO phrases (id, song_id, member_id, start_time, end_time, lyrics) VALUES (497, 1, 5, '1:36', '1:48', ' here lies the warning for matador blackout blood running the dirt floor won''t bleed by accident ');
INSERT INTO phrases (id, song_id, member_id, start_time, end_time, lyrics) VALUES (498, 1, 5, '1:52', '1:15', ' burn your game plan ');
INSERT INTO phrases (id, song_id, member_id, start_time, end_time, lyrics) VALUES (499, 2, 5, '0:50', '1:10', ' as passion encircles the daily storm the heart bleeds and droughts do not ');
INSERT INTO phrases (id, song_id, member_id, start_time, end_time, lyrics) VALUES (500, 2, 5, '1:16', '2:28', ' bone grave bone engraved stone grave stone engraved bone grave bone engraved stone grave stone engraved all circles created with intention an ocean turns yellow it soothes the eye bone grave bone engraved stone grave stone engraved bone grave bone engraved stone grave stone engraved ');
INSERT INTO phrases (id, song_id, member_id, start_time, end_time, lyrics) VALUES (501, 10, 5, '1:52', '2:25', ' change stand grow these things you''ll never be taste your fate all that you''ll ever be a life love unconditional a life love love unconditional ');
INSERT INTO phrases (id, song_id, member_id, start_time, end_time, lyrics) VALUES (502, 10, 5, '3:12', '4:46', ' chase chase ''em down string ''em up hate hate the ones who bring you down chase chase ''em down string ''em up hate hate the ones who bring you down chase chase ''em down string ''em up hate hate the ones who bring you down ');
INSERT INTO phrases (id, song_id, member_id, start_time, end_time, lyrics) VALUES (503, 5, 5, '2:43', '3:29', ' sanction lived in taught by masters flight of giving be mine always here for duration miss my sweet love times of sailing keep me grounded make us sure of future sanctions ');
INSERT INTO phrases (id, song_id, member_id, start_time, end_time, lyrics) VALUES (504, 5, 5, '4:16', '4:55', ' sanction lived in taught by masters flight of giving be mine always here for duration miss my sweet love times of sailing keep me grounded make us sure of future sanctions ');
INSERT INTO phrases (id, song_id, member_id, start_time, end_time, lyrics) VALUES (505, 7, 5, '2:43', '3:19', ' life''s changed yet remain the same basking in an afterglow i did not know i am here in shadows island lying hopeless wondering all questions exhaust me ');
INSERT INTO phrases (id, song_id, member_id, start_time, end_time, lyrics) VALUES (506, 7, 5, '3:54', '4:30', ' life''s changed yet remain the same basking in an afterglow i did not know i am here in shadows island lying hopeless wondering all questions exhaust me ');
INSERT INTO phrases (id, song_id, member_id, start_time, end_time, lyrics) VALUES (507, 7, 5, '4:45', '5:28', ' running screaming chanting for all this land i''ve seen its worth helping all for times sake it brings me work pinned to this world running screaming chanting for all this land i''ve seen its worth helping all for times sake it brings me work pinned to this world ');
INSERT INTO phrases (id, song_id, member_id, start_time, end_time, lyrics) VALUES (508, 8, 5, '0:25', '0:50', ' birth original plan who will issue days and strike them hurry to mystic plains go ');
INSERT INTO phrases (id, song_id, member_id, start_time, end_time, lyrics) VALUES (509, 8, 5, '0:57', '1:05', ' life''s blood life''s blood life''s blood my life''s blood ');
INSERT INTO phrases (id, song_id, member_id, start_time, end_time, lyrics) VALUES (510, 8, 5, '1:15', '1:25', ' life''s blood life''s blood life''s blood life''s blood ');
INSERT INTO phrases (id, song_id, member_id, start_time, end_time, lyrics) VALUES (511, 8, 5, '1:49', '1:58', ' life''s blood life''s blood life''s blood life''s blood ');
INSERT INTO phrases (id, song_id, member_id, start_time, end_time, lyrics) VALUES (512, 8, 5, '2:31', '2:42', ' hurdle in the path struck down all is clear for play ');
INSERT INTO phrases (id, song_id, member_id, start_time, end_time, lyrics) VALUES (513, 9, 5, '0:49', '1:28', ' if you can''t get it i can''t get it fly soul is single wind beneath us i can''t take it if you can''t take it fly soul is single wind beneath us ');
INSERT INTO phrases (id, song_id, member_id, start_time, end_time, lyrics) VALUES (514, 9, 5, '2:32', '3:10', ' if you can''t get it i can''t get it fly soul is single wind beneath us i can''t take it if you can''t take it fly soul is single wind beneath us ');
INSERT INTO phrases (id, song_id, member_id, start_time, end_time, lyrics) VALUES (515, 9, 5, '4:12', '4:44', ' shades of sixteen you''re with me shades of sixteen remember shades of sixteen you''re with me shades of sixteen remember ');
INSERT INTO phrases (id, song_id, member_id, start_time, end_time, lyrics) VALUES (516, 3, 5, '0:42', '0:57', ' condition tomorrow with visions inlaid the priest stands to our right a princess is mine ');
INSERT INTO phrases (id, song_id, member_id, start_time, end_time, lyrics) VALUES (517, 3, 5, '1:10', '1:23', ' the regress of some minds further chase the prize pretentious you follow religion is mine ');
INSERT INTO phrases (id, song_id, member_id, start_time, end_time, lyrics) VALUES (518, 3, 5, '1:58', '2:30', ' anger precedes my footsteps haunting past comes into head horizon seems so far away this life close to end of days kill and i will be damned forgive and i will be free ');
INSERT INTO phrases (id, song_id, member_id, start_time, end_time, lyrics) VALUES (519, 3, 5, '2:51', '2:55', ' unified eyesight grow ');
INSERT INTO phrases (id, song_id, member_id, start_time, end_time, lyrics) VALUES (520, 4, 5, '0:44', '1:03', ' slaved into brittle and worked for days only thing that paves your stay look behind you see what you''ve made like a workhorse stands for miles work for you and never get tired roll ''em up it''s time to go we''ll be back before it''s too long ');
INSERT INTO phrases (id, song_id, member_id, start_time, end_time, lyrics) VALUES (521, 4, 5, '1:22', '1:43', ' shaved into rhythm work for days consequences we have paid to be free in a world we''ve made like a workhorse stands for miles work for you and never get tired roll ''em up it''s time to go we can bet on all that''s lost before it''s too long ');
INSERT INTO phrases (id, song_id, member_id, start_time, end_time, lyrics) VALUES (522, 4, 5, '1:58', '2:00', ' burning hell ');
INSERT INTO phrases (id, song_id, member_id, start_time, end_time, lyrics) VALUES (523, 46, 4, '0:15', '0:40', ' Lift you up again  Give you to the trees  All sound and visions are  What they ask of me  Let''s run fast through the fields  Over mountaintops  Let''s swim through ocean water  And we''ll never stop  ');
INSERT INTO phrases (id, song_id, member_id, start_time, end_time, lyrics) VALUES (524, 46, 4, '0:44', '1:05', ' Just close your eyes  And pretend that everything''s fine  Just close your eyes  I''ll tell you when  ');
INSERT INTO phrases (id, song_id, member_id, start_time, end_time, lyrics) VALUES (525, 46, 4, '1:06', '1:32', ' Can you show me  Where to find the stream? I''ve been told before  That the water''s clean  Will you come with me? Two of us can drink  Move quick, we''ve got to hurry  There''s no time to think  ');
INSERT INTO phrases (id, song_id, member_id, start_time, end_time, lyrics) VALUES (526, 46, 4, '1:34', '1:56', ' Just close your eyes  And pretend that everything''s fine  Just close your eyes  I''ll tell you when  ');
INSERT INTO phrases (id, song_id, member_id, start_time, end_time, lyrics) VALUES (527, 46, 4, '2:51', '3:14', ' We didn''t come this far  Just to turn around  We didn''t come this far  Just to run away  Just ahead  We will hear the sound  The sound that gives us  A brand new day  ');
INSERT INTO phrases (id, song_id, member_id, start_time, end_time, lyrics) VALUES (528, 46, 4, '3:20', '3:44', ' Just close your eyes  And pretend that everything''s fine  Just close your eyes  I''ll tell you when ');
INSERT INTO phrases (id, song_id, member_id, start_time, end_time, lyrics) VALUES (529, 52, 4, '0:17', '0:53', ' Give and take  We are full of pride  All is proved in time  Lay me down  Stand my ground  Lay me down  Stand my ground  ');
INSERT INTO phrases (id, song_id, member_id, start_time, end_time, lyrics) VALUES (530, 52, 4, '0:57', '1:03', ' Taking a life I see it flash before my eyes  ');
INSERT INTO phrases (id, song_id, member_id, start_time, end_time, lyrics) VALUES (531, 52, 4, '1:22', '1:29', ' Taking a life I see it flash before my eyes  ');
INSERT INTO phrases (id, song_id, member_id, start_time, end_time, lyrics) VALUES (532, 52, 4, '1:48', '2:33', ' Rule by the head  Endure the test of time  Plant the seed of mind  Lay me down  Stand my ground  Lay me down  Stand my ground  Taking a life I see it flash before my eyes  ');
INSERT INTO phrases (id, song_id, member_id, start_time, end_time, lyrics) VALUES (533, 52, 4, '2:51', '2:58', ' Taking a life I see it flash before my eyes ');
INSERT INTO phrases (id, song_id, member_id, start_time, end_time, lyrics) VALUES (534, 41, 4, '0:30', '0:49', ' I burned out my eyes  I cut off my tongue  I sealed them with all of the silver  And now  I have none  ');
INSERT INTO phrases (id, song_id, member_id, start_time, end_time, lyrics) VALUES (535, 41, 4, '0:43', '1:09', ' You killed the life  You took the diamond  You killed the vine  Death of the  ');
INSERT INTO phrases (id, song_id, member_id, start_time, end_time, lyrics) VALUES (536, 41, 4, '1:10', '1:27', ' You own the darkness  Have taken my sight  You buried the stars underground  You''ve stolen the night  ');
INSERT INTO phrases (id, song_id, member_id, start_time, end_time, lyrics) VALUES (537, 41, 4, '1:32', '1:46', ' You can run to the sea  You can run to the forest  You can hide  But you''ll never escape  ');
INSERT INTO phrases (id, song_id, member_id, start_time, end_time, lyrics) VALUES (538, 41, 4, '1:56', '1:59', ' You''ve run out of lies  ');
INSERT INTO phrases (id, song_id, member_id, start_time, end_time, lyrics) VALUES (539, 41, 4, '2:05', '2:08', ' You''ve run out of time  ');
INSERT INTO phrases (id, song_id, member_id, start_time, end_time, lyrics) VALUES (540, 41, 4, '3:01', '3:18', ' You killed the life  You took the diamond  You killed the vine  Death of the sun ');
INSERT INTO phrases (id, song_id, member_id, start_time, end_time, lyrics) VALUES (541, 43, 4, '0:16', '0:35', ' Change your hair, change your clothes  I''ll rearrange your face for you  If you can breathe when  I am through  I''ll give it all right back to you  ');
INSERT INTO phrases (id, song_id, member_id, start_time, end_time, lyrics) VALUES (542, 43, 2, '0:48', '1:05', ' I want to drink some fucking blood  I want to break some fucking glass  I want to squeeze you till you''re inside out  I want it all  ');
INSERT INTO phrases (id, song_id, member_id, start_time, end_time, lyrics) VALUES (543, 43, 4, '1:06', '1:26', ' Change your name, change your eyes  Become the one who  I despise  If you are sad and need to cry  Then turn around and go outside  ');
INSERT INTO phrases (id, song_id, member_id, start_time, end_time, lyrics) VALUES (544, 43, 2, '1:39', '1:55', ' I want to drink some fucking blood  I want to break some fucking glass  I want to squeeze you till you''re inside out  I want it all ');
INSERT INTO phrases (id, song_id, member_id, start_time, end_time, lyrics) VALUES (545, 50, 1, '2:00', '2:20', ' I saw the creature fall  Into the swamp from which he spawned  I heard them laugh and say  They never liked him anyway  ');
INSERT INTO phrases (id, song_id, member_id, start_time, end_time, lyrics) VALUES (546, 50, 1, '2:55', '3:15', ' I tried to talk to them  To help you on your feet again  They laughed and said to me  The swamp is right where I should be  ');
INSERT INTO phrases (id, song_id, member_id, start_time, end_time, lyrics) VALUES (547, 50, 1, '3:36', '4:14', ' The creature lives  The creature lives  The creature lives  The creature lives ');
INSERT INTO phrases (id, song_id, member_id, start_time, end_time, lyrics) VALUES (548, 42, 1, '0:19', '0:35', ' I killed a man cause he killed my goat  I put my hands around his throat  He tried to reason with the sky and the clouds  But it didn''t matter, cause they can''t hear a sound  ');
INSERT INTO phrases (id, song_id, member_id, start_time, end_time, lyrics) VALUES (549, 42, 4, '0:45', '1:00', ' It''s just the curl of the burl  It''s just the curl of the burl  That''s just the way of the world  It''s just the curl of the burl  ');
INSERT INTO phrases (id, song_id, member_id, start_time, end_time, lyrics) VALUES (550, 42, 1, '1:10', '1:26', ' Splinters in my skin just like needles and pins  I cut through the pine, love the feeling it gives  Been out here for days running through these streets  I''m using my hands, cutting through the disease  ');
INSERT INTO phrases (id, song_id, member_id, start_time, end_time, lyrics) VALUES (551, 42, 4, '1:37', '1:52', ' It''s just the curl of the burl  It''s just the curl of the burl  That''s just the way of the world  It''s just the curl of the burl  ');
INSERT INTO phrases (id, song_id, member_id, start_time, end_time, lyrics) VALUES (552, 42, 4, '1:53', '2:17', ' I feed the powerless  Chew it up, spit the rest  I feed the powerless  Chew it up, spit the rest  ');
INSERT INTO phrases (id, song_id, member_id, start_time, end_time, lyrics) VALUES (553, 42, 4, '2:24', '2:39', ' It''s just the curl of the burl  It''s just the curl of the burl  That''s just the way of the world  It''s just the curl of the burl  ');
INSERT INTO phrases (id, song_id, member_id, start_time, end_time, lyrics) VALUES (554, 48, 1, '0:38', '1:05', '  Head down, running from the beast  Breakneck speed taking all my breath  Black feet scrapped and scarred and dripping blood  Rain come down, take me with your flood  ');
INSERT INTO phrases (id, song_id, member_id, start_time, end_time, lyrics) VALUES (555, 48, 4, '1:05', '1:15', '  I came to and I was running from you  Feel your breath on the back of my neck  ');
INSERT INTO phrases (id, song_id, member_id, start_time, end_time, lyrics) VALUES (556, 48, 1, '1:15', '1:28', '  Where have I come to be? Is this all that''s left for me? ');
INSERT INTO phrases (id, song_id, member_id, start_time, end_time, lyrics) VALUES (557, 48, 1, '1:34', '2:11', '  I wish that I was still there  I want to keep on breathing  Bulls roar loud, snakes move past my feet  No teeth, no hands, set me free  Bones start rattling ''round inside my head  I don''t know if I''m alive or dead  ');
INSERT INTO phrases (id, song_id, member_id, start_time, end_time, lyrics) VALUES (558, 48, 4, '2:14', '2:20', '  I came to and I was running from you  Feel your breath on the back of my neck  ');
INSERT INTO phrases (id, song_id, member_id, start_time, end_time, lyrics) VALUES (559, 48, 1, '2:20', '2:34', '  Where have I come to be? Is this all that''s left for me? ');
INSERT INTO phrases (id, song_id, member_id, start_time, end_time, lyrics) VALUES (560, 48, 1, '2:41', '2:50', '  I wish that I was still there  I want to keep on breathing  ');
INSERT INTO phrases (id, song_id, member_id, start_time, end_time, lyrics) VALUES (561, 48, 1, '3:19', '3:37', '  Dig deep, kicking up rock and dirt and sand  Out of this lifeless valley, bones in hand  Over these mountains to the seas of life  Leave this desert for the sick and damned ');
INSERT INTO phrases (id, song_id, member_id, start_time, end_time, lyrics) VALUES (562, 45, 1, '0:15', '0:35', ' To tempt the fool into the mine  Let loose the snake with antidote  ');
INSERT INTO phrases (id, song_id, member_id, start_time, end_time, lyrics) VALUES (563, 45, 4, '0:35', '0:49', ' Take the hand  Guide the way  Far away  Find the truth  Always  Always  ');
INSERT INTO phrases (id, song_id, member_id, start_time, end_time, lyrics) VALUES (564, 45, 4, '0:56', '1:06', ' I''m on my way back home  I''m on my way back home  ');
INSERT INTO phrases (id, song_id, member_id, start_time, end_time, lyrics) VALUES (565, 45, 1, '1:17', '1:38', ' I see your face inside the smoke  It''s hard to scream and nice to choke ');
INSERT INTO phrases (id, song_id, member_id, start_time, end_time, lyrics) VALUES (566, 45, 4, '1:38', '1:53', ' Take the hand  Guide the way  Far away  Find the truth  Always  Always  ');
INSERT INTO phrases (id, song_id, member_id, start_time, end_time, lyrics) VALUES (567, 45, 4, '1:58', '2:07', ' I''m on my way back home  I''m on my way back home  ');
INSERT INTO phrases (id, song_id, member_id, start_time, end_time, lyrics) VALUES (568, 45, 1, '2:21', '2:42', ' Let''s rest awhile inside the cave  Don''t cry, you''ll see that we''ll be safe  ');
INSERT INTO phrases (id, song_id, member_id, start_time, end_time, lyrics) VALUES (569, 45, 4, '2:42', '3:09', ' Take the hand  Guide the way  Far away  Find the truth  Always  Always Take your heart into your hand  Always  Take your heart into your hand  Always ');
INSERT INTO phrases (id, song_id, member_id, start_time, end_time, lyrics) VALUES (570, 45, 4, '3:14', '3:25', ' I''m on my way back home  I''m on my way back home ');
INSERT INTO phrases (id, song_id, member_id, start_time, end_time, lyrics) VALUES (571, 51, 4, '0:06', '0:38', '  We trip the light  Firebird flies  Burn your inside  Given a lesson  The path I''ve shown  Follow all I know  Into the spectrelight  Into the afterlife  ');
INSERT INTO phrases (id, song_id, member_id, start_time, end_time, lyrics) VALUES (572, 51, 4, '0:42', '1:15', '  It came from the ocean  Gift from the sea  Lava forms the stone  Belief in power  Believe the dream  Trust your own truth  Into the spectrelight  Into the afterlife  ');
INSERT INTO phrases (id, song_id, member_id, start_time, end_time, lyrics) VALUES (573, 51, 7, '1:26', '1:48', '  You listen through the light  Tolling on the sea  Barren eyes behind you  Leave the shadows waking dreams  ');
INSERT INTO phrases (id, song_id, member_id, start_time, end_time, lyrics) VALUES (574, 51, 7, '2:00', '2:22', ' Rising through the door  Writing with a knife  Cut speech, cut light  Cut chord and break the dawning wretch of silence  ');
INSERT INTO phrases (id, song_id, member_id, start_time, end_time, lyrics) VALUES (575, 51, 4, '2:32', '2:57', '  Trust your own truth  Souls of the fallen  Death of the Godhead  Listen and breathe  Into the spectrelight  Into the afterlife  ');
INSERT INTO phrases (id, song_id, member_id, start_time, end_time, lyrics) VALUES (576, 44, 2, '1:09', '1:33', ' The temple of bodies  A building with souls  Given the cosmos  As we let go  As we let go  Locked in a dance  Surrounding the moon  This far from the clouds  Stargasm flows  Stargasm  ');
INSERT INTO phrases (id, song_id, member_id, start_time, end_time, lyrics) VALUES (577, 44, 2, '1:42', '2:02', ' Lead us by horses  On the way to our graves  Father the owl  It is your faith  It is your faith Awake in the moment  Awaken the heart  Look to the spirits  Stargasm glows  Stargasm  ');
INSERT INTO phrases (id, song_id, member_id, start_time, end_time, lyrics) VALUES (578, 44, 1, '2:25', '3:01', ' And then we shift into overdrive  But you''re not here  And your legs and the stars collide  You''re on fire  You''re on fire  You''re on fire  You''re on fire ');
INSERT INTO phrases (id, song_id, member_id, start_time, end_time, lyrics) VALUES (579, 44, 2, '3:02', '3:24', ' Henged from the solstice  Bohemian grove  Flesh lies the altar  As we let go  As we let go  Glasses are empty  The owl has flown  Sever relation  Like you didn''t know  Like you didn''t know  ');
INSERT INTO phrases (id, song_id, member_id, start_time, end_time, lyrics) VALUES (580, 44, 1, '3:45', '4:22', ' And then we shift into overdrive  But you''re not here  And your legs and the stars collide  You''re on fire  You''re on fire  You''re on fire  You''re on fire  ');
INSERT INTO phrases (id, song_id, member_id, start_time, end_time, lyrics) VALUES (581, 47, 2, '0:39', '1:11', ' All the love  I''ve shown  And given to the ones  I''ve known  All the love  I make  Is equal to the love  I take  All the life  I''ve known  And given to the life  I''ve shown  Along the way  ');
INSERT INTO phrases (id, song_id, member_id, start_time, end_time, lyrics) VALUES (582, 47, 4, '1:11', '1:42', ' Free from it all  Breathe in the darkest fall  We laugh and cry through a brother''s eyes for now  Through fire embers'' glow  Haunted,  I lift the stone  Letting go, your spirit flies  ');
INSERT INTO phrases (id, song_id, member_id, start_time, end_time, lyrics) VALUES (583, 47, 2, '1:42', '2:14', '  All the love  I''ve shown  Given to the ones  I''ve known  All the love  I make  Is equal to the love  I take  Life is brief as  Be careful for what you ask  Along the way  ');
INSERT INTO phrases (id, song_id, member_id, start_time, end_time, lyrics) VALUES (584, 47, 4, '2:14', '3:16', ' Free from it all  Breathe in the darkest fall  We laugh and cry through a brother''s eyes for now  Through fire embers'' glow  Haunted,  I lift the stone  Letting go, your spirit flies  His thorns are on the road  His thorns are on the road  In the morning light  The sparrow flies  When the moon devours us  The planet dies  ');
INSERT INTO phrases (id, song_id, member_id, start_time, end_time, lyrics) VALUES (585, 47, 4, '4:00', '4:30', ' Free from it all  Breathe in the darkest fall  We laugh and cry through a brother''s eyes for now  Through fire embers'' glow  Haunted,  I lift the stone  Letting go, your spirit flies ');
INSERT INTO phrases (id, song_id, member_id, start_time, end_time, lyrics) VALUES (586, 53, 1, '1:10', '1:16', ' Pursue happiness with diligence ');
INSERT INTO phrases (id, song_id, member_id, start_time, end_time, lyrics) VALUES (587, 53, 1, '1:46', '1:53', ' Pursue happiness with diligence ');
INSERT INTO phrases (id, song_id, member_id, start_time, end_time, lyrics) VALUES (588, 53, 1, '4:11', '4:15', ' Pursue happiness with diligence ');
INSERT INTO phrases (id, song_id, member_id, start_time, end_time, lyrics) VALUES (589, 53, 1, '4:30', '4:37', ' Pursue happiness with diligence ');
INSERT INTO phrases (id, song_id, member_id, start_time, end_time, lyrics) VALUES (590, 49, 2, '1:36', '1:52', '  With the lights down low  Wrapped up like a baby  And your hair hangs long  Surrounding my face  ');
INSERT INTO phrases (id, song_id, member_id, start_time, end_time, lyrics) VALUES (591, 49, 4, '1:53', '2:10', '  Straight out of nowhere  Buried deep inside my past  Straight out of nowhere  Hoping you''ll be the last  ');
INSERT INTO phrases (id, song_id, member_id, start_time, end_time, lyrics) VALUES (592, 49, 2, '2:21', '2:39', '  Love your warm embrace  Hold me close, don''t let me go  Nipple pink and cold  Filled up with mother''s milk  ');
INSERT INTO phrases (id, song_id, member_id, start_time, end_time, lyrics) VALUES (593, 49, 4, '2:39', '2:55', '  Straight out of nowhere  Buried deep inside my past  Straight out of nowhere  Hoping you''ll be the last  ');
INSERT INTO phrases (id, song_id, member_id, start_time, end_time, lyrics) VALUES (594, 49, 2, '3:25', '3:41', '  With the lights down low  Wrapped up like a baby  And your hair hangs long  Surrounding my face  ');
INSERT INTO phrases (id, song_id, member_id, start_time, end_time, lyrics) VALUES (595, 49, 4, '3:41', '3:59', '  Straight out of nowhere  Buried deep inside my past  Straight out of nowhere  Hoping you''ll be the last ');

-- Table: songs
CREATE TABLE songs (id INTEGER PRIMARY KEY AUTOINCREMENT, album_id INTEGER REFERENCES albums (id), track_number INTEGER, track_name TEXT);
INSERT INTO songs (id, album_id, track_number, track_name) VALUES (1, 1, 1, 'Crusher Destroyer');
INSERT INTO songs (id, album_id, track_number, track_name) VALUES (2, 1, 2, 'March of the Fire Ants');
INSERT INTO songs (id, album_id, track_number, track_name) VALUES (3, 1, 3, 'Where Strides the Behemoth');
INSERT INTO songs (id, album_id, track_number, track_name) VALUES (4, 1, 4, 'Workhorse');
INSERT INTO songs (id, album_id, track_number, track_name) VALUES (5, 1, 5, 'Ol''e Nessie');
INSERT INTO songs (id, album_id, track_number, track_name) VALUES (6, 1, 6, 'Burning Man');
INSERT INTO songs (id, album_id, track_number, track_name) VALUES (7, 1, 7, 'Trainwreck');
INSERT INTO songs (id, album_id, track_number, track_name) VALUES (8, 1, 8, 'Trampled Under Hoof');
INSERT INTO songs (id, album_id, track_number, track_name) VALUES (9, 1, 9, 'Trilobite');
INSERT INTO songs (id, album_id, track_number, track_name) VALUES (10, 1, 10, 'Mother Puncher');
INSERT INTO songs (id, album_id, track_number, track_name) VALUES (11, 1, 11, 'Elephant Man');
INSERT INTO songs (id, album_id, track_number, track_name) VALUES (12, 2, 1, 'Blood and Thunder');
INSERT INTO songs (id, album_id, track_number, track_name) VALUES (13, 2, 2, 'I Am Ahab');
INSERT INTO songs (id, album_id, track_number, track_name) VALUES (14, 2, 3, 'Seabeast');
INSERT INTO songs (id, album_id, track_number, track_name) VALUES (15, 2, 4, 'Island');
INSERT INTO songs (id, album_id, track_number, track_name) VALUES (16, 2, 5, 'Iron Tusk');
INSERT INTO songs (id, album_id, track_number, track_name) VALUES (17, 2, 6, 'Megalodon');
INSERT INTO songs (id, album_id, track_number, track_name) VALUES (18, 2, 7, 'Naked Burn');
INSERT INTO songs (id, album_id, track_number, track_name) VALUES (19, 2, 8, 'Aqua Dementia');
INSERT INTO songs (id, album_id, track_number, track_name) VALUES (20, 2, 9, 'Hearts Alive');
INSERT INTO songs (id, album_id, track_number, track_name) VALUES (21, 2, 10, 'Joseph Merrick');
INSERT INTO songs (id, album_id, track_number, track_name) VALUES (22, 3, 1, 'The Wolf Is Loose');
INSERT INTO songs (id, album_id, track_number, track_name) VALUES (23, 3, 2, 'Crystal Skull');
INSERT INTO songs (id, album_id, track_number, track_name) VALUES (24, 3, 3, 'Sleeping Giant');
INSERT INTO songs (id, album_id, track_number, track_name) VALUES (25, 3, 4, 'Capillarian Crest');
INSERT INTO songs (id, album_id, track_number, track_name) VALUES (26, 3, 5, 'Circle of Cysquatch');
INSERT INTO songs (id, album_id, track_number, track_name) VALUES (27, 3, 6, 'Bladecatcher');
INSERT INTO songs (id, album_id, track_number, track_name) VALUES (28, 3, 7, 'Colony of Birchmen');
INSERT INTO songs (id, album_id, track_number, track_name) VALUES (29, 3, 8, 'Hunters of Sky');
INSERT INTO songs (id, album_id, track_number, track_name) VALUES (30, 3, 9, 'Hand of Stone');
INSERT INTO songs (id, album_id, track_number, track_name) VALUES (31, 3, 10, 'This Mortal Soil');
INSERT INTO songs (id, album_id, track_number, track_name) VALUES (32, 3, 11, 'Siberian Divide');
INSERT INTO songs (id, album_id, track_number, track_name) VALUES (33, 3, 12, 'Pendulous Skin');
INSERT INTO songs (id, album_id, track_number, track_name) VALUES (34, 4, 1, 'Oblivion');
INSERT INTO songs (id, album_id, track_number, track_name) VALUES (35, 4, 2, 'Divinations');
INSERT INTO songs (id, album_id, track_number, track_name) VALUES (36, 4, 3, 'Quintessence');
INSERT INTO songs (id, album_id, track_number, track_name) VALUES (37, 4, 4, 'The Czar');
INSERT INTO songs (id, album_id, track_number, track_name) VALUES (38, 4, 5, 'Ghost of Karelia');
INSERT INTO songs (id, album_id, track_number, track_name) VALUES (39, 4, 6, 'Crack the Skye');
INSERT INTO songs (id, album_id, track_number, track_name) VALUES (40, 4, 7, 'The Last Baron');
INSERT INTO songs (id, album_id, track_number, track_name) VALUES (41, 5, 1, 'Black Tongue');
INSERT INTO songs (id, album_id, track_number, track_name) VALUES (42, 5, 2, 'Curl of the Burl');
INSERT INTO songs (id, album_id, track_number, track_name) VALUES (43, 5, 3, 'Blasteroid');
INSERT INTO songs (id, album_id, track_number, track_name) VALUES (44, 5, 4, 'Stargasm');
INSERT INTO songs (id, album_id, track_number, track_name) VALUES (45, 5, 5, 'Octopus Has No Friends');
INSERT INTO songs (id, album_id, track_number, track_name) VALUES (46, 5, 6, 'All the Heavy Lifting');
INSERT INTO songs (id, album_id, track_number, track_name) VALUES (47, 5, 7, 'The Hunter');
INSERT INTO songs (id, album_id, track_number, track_name) VALUES (48, 5, 8, 'Dry Bone Valley');
INSERT INTO songs (id, album_id, track_number, track_name) VALUES (49, 5, 9, 'Thickening');
INSERT INTO songs (id, album_id, track_number, track_name) VALUES (50, 5, 10, 'Creature Lives');
INSERT INTO songs (id, album_id, track_number, track_name) VALUES (51, 5, 11, 'Spectrelight');
INSERT INTO songs (id, album_id, track_number, track_name) VALUES (52, 5, 12, 'Bedazzled Fingernails');
INSERT INTO songs (id, album_id, track_number, track_name) VALUES (53, 5, 13, 'The Sparrow');
INSERT INTO songs (id, album_id, track_number, track_name) VALUES (54, 6, 1, 'Tread Lightly');
INSERT INTO songs (id, album_id, track_number, track_name) VALUES (55, 6, 2, 'The Motherload');
INSERT INTO songs (id, album_id, track_number, track_name) VALUES (56, 6, 3, 'High Road');
INSERT INTO songs (id, album_id, track_number, track_name) VALUES (57, 6, 4, 'Once More ''Round the Sun');
INSERT INTO songs (id, album_id, track_number, track_name) VALUES (58, 6, 5, 'Chimes at Midnight');
INSERT INTO songs (id, album_id, track_number, track_name) VALUES (59, 6, 6, 'Asleep in the Deep');
INSERT INTO songs (id, album_id, track_number, track_name) VALUES (60, 6, 7, 'Feast Your Eyes');
INSERT INTO songs (id, album_id, track_number, track_name) VALUES (61, 6, 8, 'Aunt Lisa');
INSERT INTO songs (id, album_id, track_number, track_name) VALUES (62, 6, 9, 'Ember City');
INSERT INTO songs (id, album_id, track_number, track_name) VALUES (63, 6, 10, 'Haloween');
INSERT INTO songs (id, album_id, track_number, track_name) VALUES (64, 6, 11, 'Diamond in the Witch House');
INSERT INTO songs (id, album_id, track_number, track_name) VALUES (65, 7, 1, 'Sultan''s Curse');
INSERT INTO songs (id, album_id, track_number, track_name) VALUES (66, 7, 2, 'Show Yourself');
INSERT INTO songs (id, album_id, track_number, track_name) VALUES (67, 7, 3, 'Precious Stones');
INSERT INTO songs (id, album_id, track_number, track_name) VALUES (68, 7, 4, 'Steambreather');
INSERT INTO songs (id, album_id, track_number, track_name) VALUES (69, 7, 5, 'Roots Remain');
INSERT INTO songs (id, album_id, track_number, track_name) VALUES (70, 7, 6, 'Word to the Wise');
INSERT INTO songs (id, album_id, track_number, track_name) VALUES (71, 7, 7, 'Ancient Kingdom');
INSERT INTO songs (id, album_id, track_number, track_name) VALUES (72, 7, 8, 'Clandestiny');
INSERT INTO songs (id, album_id, track_number, track_name) VALUES (73, 7, 9, 'Andromeda');
INSERT INTO songs (id, album_id, track_number, track_name) VALUES (74, 7, 10, 'Scorpion Breath');
INSERT INTO songs (id, album_id, track_number, track_name) VALUES (75, 7, 11, 'Jaguar God');
INSERT INTO songs (id, album_id, track_number, track_name) VALUES (76, 8, 1, 'Pain with an Anchor');
INSERT INTO songs (id, album_id, track_number, track_name) VALUES (77, 8, 2, 'The Crux');
INSERT INTO songs (id, album_id, track_number, track_name) VALUES (78, 8, 3, 'Sickle and Peace');
INSERT INTO songs (id, album_id, track_number, track_name) VALUES (79, 8, 4, 'More Than I Could Chew');
INSERT INTO songs (id, album_id, track_number, track_name) VALUES (80, 8, 5, 'The Beast');
INSERT INTO songs (id, album_id, track_number, track_name) VALUES (81, 8, 6, 'Skeleton of Splendor');
INSERT INTO songs (id, album_id, track_number, track_name) VALUES (82, 8, 7, 'Teardrinker');
INSERT INTO songs (id, album_id, track_number, track_name) VALUES (83, 8, 8, 'Pushing the Tides');
INSERT INTO songs (id, album_id, track_number, track_name) VALUES (84, 8, 9, 'Peace and Tranquility');
INSERT INTO songs (id, album_id, track_number, track_name) VALUES (85, 8, 10, 'Dagger');
INSERT INTO songs (id, album_id, track_number, track_name) VALUES (86, 8, 11, 'Had It All');
INSERT INTO songs (id, album_id, track_number, track_name) VALUES (87, 8, 12, 'Savage Lands');
INSERT INTO songs (id, album_id, track_number, track_name) VALUES (88, 8, 13, 'Gobblers of Dregs');
INSERT INTO songs (id, album_id, track_number, track_name) VALUES (89, 8, 14, 'Eyes of Serpents');
INSERT INTO songs (id, album_id, track_number, track_name) VALUES (90, 8, 15, 'Gigantium');

COMMIT TRANSACTION;
PRAGMA foreign_keys = on;
